@id,addr:city,addr:country,addr:housenumber,addr:place,building,name,name:de,name:en,name:fr,name:ru,source,tourism,type,leisure,wikidata,wikipedia,name:infix,natural,water,area:highway,boat,name:fi,place,addr:postcode,historic,architect,architect:wikidata,landuse,access,addr:street,description,int_name,sport,boundary,law,protect_class,protection_title,kpoos_id,kpoos_status,name:postfix,surface,seasonal,amenity,fee,man_made,mooring,payment:cash,building:levels,internet_access,opening_hours,operator,diet:vegetarian,note,mineshaft_type,ref,emergency,bridge:structure,layer,power,voltage,floating,shop,alt_name,theatre,building:part,building:min_level,lit,@relations,highway,waterway,bridge,smoothness,ramp,ramp:stroller,tunnel,was:highway,barrier,footway,covered,height,material,embankment,admin_level,gvr:code,have_riverbank,maxweight,fence_type
relation/1444351,Санкт-Петербург,RU,4 литВ,Елагин остров,public,Кухонный корпус,Küchengebäude,Kitchen Building,Cuisines,Кухонный корпус,rgis.spb.ru,museum,multipolygon,,,,,,,,,,,,,,,,,,,,,,,,,,,,,,,,,,,,,,,,,,,,,,,,,,,,,,,,,,,,,,,,,,,,,,,,,,
relation/1445800,,,,,,Центральный парк культуры и отдыха имени С. М. Кирова,,,,,,,multipolygon,park,Q4504340,ru:Центральный парк культуры и отдыха имени С. М. Кирова,,,,,,,,,,,,,,,,,,,,,,,,,,,,,,,,,,,,,,,,,,,,,,,,,,,,,,,,,,,,,,,,,,,,,,,
relation/1567031,,,,,,3-й Северный пруд,,3rd Northern Pond,,,,,multipolygon,,,,yes,water,pond,,,,,,,,,,,,,,,,,,,,,,,,,,,,,,,,,,,,,,,,,,,,,,,,,,,,,,,,,,,,,,,,,,,,
relation/1567613,,,,,,3-й Южный пруд,,3rd Southern Pond,,,,,multipolygon,,,,yes,water,pond,,,,,,,,,,,,,,,,,,,,,,,,,,,,,,,,,,,,,,,,,,,,,,,,,,,,,,,,,,,,,,,,,,,,
relation/1567678,,,,,,2-й Южный пруд,,2nd Southern Pond,,,,,multipolygon,,,,yes,water,pond,,,,,,,,,,,,,,,,,,,,,,,,,,,,,,,,,,,,,,,,,,,,,,,,,,,,,,,,,,,,,,,,,,,,
relation/1568851,,,,,,,,,,,,,multipolygon,,,,,,,footway,,,,,,,,,,,,,,,,,,,,,,,,,,,,,,,,,,,,,,,,,,,,,,,,,,,,,,,,,,,,,,,,,,,
relation/1576175,,,,,,Средняя Невка,,Srednaya Nevka,,Средняя Невка,,,multipolygon,,,,,water,river,,yes,,,,,,,,,,,,,,,,,,,,,,,,,,,,,,,,,,,,,,,,,,,,,,,,,,,,,,,,,,,,,,,,,,
relation/1576343,,,,,,Елагин остров,Jelagin-Insel,Yelagin Island,Île Yelagin,Елагин остров,,,multipolygon,,Q4174533,ru:Елагин остров,,,,,,Mistulasaari,island,,,,,,,,,,,,,,,,,,,,,,,,,,,,,,,,,,,,,,,,,,,,,,,,,,,,,,,,,,,,,,,,
relation/2420060,,,4 литД,Елагин остров,public,Конюшенный корпус,Stallgebäude,Stable Building,Étables,Конюшенный корпус,,museum,multipolygon,,,,,,,,,,,197110,,,,,,,,,,,,,,,,,,,,,,,,,,,,,,,,,,,,,,,,,,,,,,,,,,,,,,,,,,,,,,,
relation/2590123,,,,,,Восточная стрелка,,,,,,,multipolygon,,,,,,,footway,,,,,yes,,,,,,,,,,,,,,,,,,,,,,,,,,,,,,,,,,,,,,,,,,,,,,,,,,,,,,,,,,,,,,
relation/2590124,,,4 литН,Елагин остров,pavilion,Павильон под флагом,,Pavilion with the granite pier,Pavillon à la pierre de Granit,Павильон под флагом,,,multipolygon,,,,,,,,,,,,yes,Карл Иванович Росси,Q619584,,,,,,,,,,,,,,,,,,,,,,,,,,,,,,,,,,,,,,,,,,,,,,,,,,,,,,,,,,,,
relation/2618601,,,,,,,,,,,,,multipolygon,,,,,,,,,,,,,,,meadow,,,,,,,,,,,,,,,,,,,,,,,,,,,,,,,,,,,,,,,,,,,,,,,,,,,,,,,,,,,
relation/2618603,,,,,,,,,,,,,multipolygon,playground,,,,,,,,,,,,,,,yes,,,,,,,,,,,,,,,,,,,,,,,,,,,,,,,,,,,,,,,,,,,,,,,,,,,,,,,,,,
relation/2618604,Санкт-Петербург,RU,4 литР,,public,Музыкальный павильон,,,Pavillon de la musique,Музыкальный павильон,,yes,multipolygon,,,,,,,,,,,197110,yes,,,,,Елагин остров,Архитектор Росси,"Music Pavilion, arch. Rossi",,,,,,,,,,,,,,,,,,,,,,,,,,,,,,,,,,,,,,,,,,,,,,,,,,,,,,,
relation/2618607,,,,,,,,,,,,,multipolygon,pitch,,,,,,,,,,,,,,,,,,,tennis,,,,,,,,,,,,,,,,,,,,,,,,,,,,,,,,,,,,,,,,,,,,,,,,,,,,,,
relation/2618608,,,,,pavilion,,,,,,,,multipolygon,pitch,,,,,,,,,,,,,,,,,,,tennis,,,,,,,,,,,,,,,,,,,,,,,,,,,,,,,,,,,,,,,,,,,,,,,,,,,,,,
relation/2965059,,,,,,памятник природы «Елагин остров»,,Yelagin Island natural monument,,,,,multipolygon,nature_reserve,,,,,,,,,,,,,,,,,,,,protected_area,постановление Правительства Санкт-Петербурга № 647 от 26.06.2012 «О памятнике природы регионального значения „Елагин остров“»,3,памятник природы регионального значения,,,,,,,,,,,,,,,,,,,,,,,,,,,,,,,,,,,,,,,,,,,,,,,,,,
relation/3290101,,,,,,,,,,,,,multipolygon,,,,,,,,,,,,,,,grass,,,,,,,,,,,,,,,,,,,,,,,,,,,,,,,,,,,,,,,,,,,,,,,,,,,,,,,,,,,
relation/3290102,,,,,,Зелёный пляж,,,,,,,multipolygon,,,,,beach,,,,,,,,,,,,,,,,,,,,,,,,,,,,,,,,,,,,,,,,,,,,,,,,,,,,,,,,,,,,,,,,,,,,,
relation/8613894,,,,,,Елагинские пруды,,Yelagin Ponds,,,,,multipolygon,,,,,water,pond,,,,,,,,,,,,,,,,,,,3230,поднадзорный,пруды,,,,,,,,,,,,,,,,,,,,,,,,,,,,,,,,,,,,,,,,,,,,,,,
relation/9176722,,,,,,,,,,,,,multipolygon,,,,,water,,,,,,,,,,,,,,,,,,,,,,,,,,,,,,,,,,,,,,,,,,,,,,,,,,,,,,,,,,,,,,,,,,,,,
relation/9176723,,,,,,4-й Южный пруд,,4th Southern Pond,,,,,multipolygon,,,,yes,water,pond,,,,,,,,,,,,,,,,,,,,,,,,,,,,,,,,,,,,,,,,,,,,,,,,,,,,,,,,,,,,,,,,,,,,
relation/9176724,,,,,,4-й Северный пруд,,4th Northern Pond,,,,,multipolygon,,,,yes,water,pond,,,,,,,,,,,,,,,,,,,,,,,,,,,,,,,,,,,,,,,,,,,,,,,,,,,,,,,,,,,,,,,,,,,,
relation/12316492,,,,,,Гранитная пристань,,,,,,,multipolygon,,,,,,,pedestrian,,,,,,,,,,,,,,,,,,,,,,,,,,,,,,,,,,,,,,,,,,,,,,,,,,,,,,,,,,,,,,,,,,,
relation/12316493,,,,,,,,,,,,,multipolygon,,,,,scrub,,,,,,,,,,,,,,,,,,,,,,,,,,,,,,,,,,,,,,,,,,,,,,,,,,,,,,,,,,,,,,,,,,,,,
relation/12316494,,,,,,,,,,,,,multipolygon,,,,,,,footway,,,,,,,,,,,,,,,,,,,,,asphalt,,,,,,,,,,,,,,,,,,,,,,,,,,,,,,,,,,,,,,,,,,,,,,
way/23150126,,,4 литБ,Елагин остров,public,Оранжерейный корпус,Gewächshausgebäude,Greenhouse Building,,Оранжерейный корпус,,,,,,,,,,,,,,197110,,,,,,,,,,,,,,,,,,,,,,,,,,,,,,,,,,,,,,,,,,,,,,,,,,,,,,,,,,,,,,,
way/98992606,,,,,,Большая площадь,,,,Большая площадь,,,,pitch,,,,,,pedestrian,,,,,,,,,,,Зимой это каток,,multi,,,,,,,,,yes,,,,,,,,,,,,,,,,,,,,,,,,,,,,,,,,,,,,,,,,,,,,,
way/100145069,,,,,,,,,,,,,,,,,,water,,,,,,,,,,,,,,,,,,,,,,,,,,,,,,,,,,,,,,,,,,,,,,,,,,,,,,,,,,,,,,,,,,,,,
way/100146184,,,,,,База проката лодок,,,,,,,,,,,,,,,,,,,,,,,,,,,,,,,,,,,,,boat_rental,yes,pier,yes,yes,,,,,,,,,,,,,,,,,,,,,,,,,,,,,,,,,,,,,,,,
way/100146903,,,,,,Масляный луг,,,,,,,,,,,,,,,,,,,,,,meadow,,,,Meadow of the Pancake week,,,,,,,,,,,,,,,,,,,,,,,,,,,,,,,,,,,,,,,,,,,,,,,,,,,,,,,
way/100814470,,,,,,,,,,,,,,,,,,,,,,,,,,,,grass,,,,,,,,,,,,,,,,,,,,,,,,,,,,,,,,,,,,,,,,,,,,,,,,,,,,,,,,,,,
way/100815838,,,,,,,,,,,,,,,,,,,,,,,,,,,,grass,,,,,,,,,,,,,,,,,,,,,,,,,,,,,,,,,,,,,,,,,,,,,,,,,,,,,,,,,,,
way/100816815,,,4 литТ,Елагин остров,yes,Остров,,,,,,,,,,,,,,,,,,197110,,,,,,,,,,,,,,,,,,,cafe,,,,,1,wlan,Mo-Fr 11:00-23:00; Sa-Su 10:00-23:00,"ООО ""Ресторанный парк""",,,,,,,,,,,,,,,,,,,,,,,,,,,,,,,,,,,,
way/100818379,,,,,,,,,,,,,,,,,,,,,,,,,,,,grass,,,,,,,,,,,,,,,,,,,,,,,,,,,,,,,,,,,,,,,,,,,,,,,,,,,,,,,,,,,
way/100818382,,,,,,,,,,,,,,garden,,,,,,,,,,,,,,,,,,,,,,,,,,,,,,,,,,,,,,,,,,,,,,,,,,,,,,,,,,,,,,,,,,,,,,,,,
way/100820382,,,4 литЛ,Елагин остров,public,Фрейлинский корпус,,,,Фрейлинский корпус,,museum,,,,,,,,,,,,197110,yes,,,,,,,,,,,,,,,,,,,,,,,2,,,,,,,,,,,,,,,,,,,,,,,,,,,,,,,,,,,,,,,
way/100821442,,,4 литХ,Елагин остров,yes,Нота,,,,Нота,,,,,,,,,,,,,,197110,,,,,,,,,,,,,,,,,,,cafe,,,,,1,,Mo-Fr 11:00-23:00; Sa-Su 10:00-23:00,"ООО ""Ресторанный парк""",no,,,,,,,,,,,,,,,,,,,,,,,,,,,,,,,,,,,
way/100821930,,,,,,,,,,,,,,,,,,,,,,,,,,,,meadow,,,,,,,,,,,,,,,,,,,,,,,,,,,,,,,,,,,,,,,,,,,,,,,,,,,,,,,,,,,
way/100822197,,,4 литР,Елагин остров,ruins,Павильон «Гаупвахта»,,,,,,,,,,,,,,,,,,,yes,,,,,,,,,,,,,,,,,,,,,,,,,,,,the building was burn in 1996. currently preserved ruine for further restoration,,,,,,,,,,,,,,,,,,,,,,,,,,,,,,,,,,
way/100868959,,,,,,Елагин остров,,,,,,,,marina,,,,,,,,,,,,,,,,,,,,,,,,,,,,,,,pier,yes,,,,,,,,,,,,,,,,,,,,,,,,,,,,,,,,,,,,,,,,,
way/101337196,,,,,,,,,,,,zoo,,common,,,,,,,,,,,,,,,,,Мини зоопарк,,,,,,,,,,,,,,,,,,,,,,,,,,,,,,,,,,,,,,,,,,,,,,,,,,,,,,,,
way/101375472,,,,,,,,,,,,,,marina,,,,,,,,,,,,,,,,,,,,,,,,,,,,,,,pier,,,,,,,,,,,,,,,,,,,,,,,,,,,,,,,,,,,,,,,,,,
way/101375812,,,,,,,,,,,,zoo,,common,,,,,,,,,,,,,,,,,Мини зоопарк,,,,,,,,,,,,,,,,,,,,,,,,,,,,,,,,,,,,,,,,,,,,,,,,,,,,,,,,
way/101377779,,,,,yes,,,,,,,,,,,,,,,,,,,,,,,,,,Вальер с воронами,,,,,,,,,,,,,,,,,1,,,,,,,,,,,,,,,,,,,,,,,,,,,,,,,,,,,,,,,
way/101500088,,,,,pavilion,,,,,,,,,sports_centre,,,,,,,,,,,,,,,,,,,tennis,,,,,,,,,,,,,,,1,,,,,,,,,,,,,,,,,,,,,,,,,,,,,,,,,,,,,,,
way/102157376,,,,,,,,,,,,,,garden,,,,,,,,,,,,,,,,,,,,,,,,,,,,,,,,,,,,,,,,,,,,,,,,,,,,,,,,,,,,,,,,,,,,,,,,,
way/107101521,,,,,,,,,,,,,,,,,,,,footway,,,,,,,,,,,,,,,,,,,,,asphalt,,,,,,,,,,,,,,,,,,,,,,,,,,,,,,,,,,,,,,,,,,,,,,
way/107101532,,,,,,,,,,,,,,,,,,,,footway,,,,,,,,,,,,,,,,,,,,,,,,,,,,,,,,,,,,,,,,,,,,,,,,,,,,,,,,,,,,,,,,,,,
way/107154084,Санкт-Петербург,RU,32 с1,Елагин остров,service,,,,,,,,,,,,,,,,,,,197110,,,,,,,,,,,,,,,,,,,,,mineshaft,,,1,,,"ГУП ""Петербургский метрополитен""",,,air,511,,,,,,,,,,,,,,,,,,,,,,,,,,,,,,,,
way/107155263,,,,,,,,,,,,,,,,,,,,footway,,,,,,,,,,,,,,,,,,,,,,,,,,,,,,,,,,,,,,,,,,,,,,,,,,,,,,,,,,,,,,,,,,,
way/107156449,,,,,,,,,,,,,,,,,,,,footway,,,,,yes,,,,,,,,,,,,,,,,,,,,,,,,,,,,,,,,,,,,,,,,,,,,,,,,,,,,,,,,,,,,,,
way/110109811,,,,,yes,Радуга,,,,,,,,,,,,,,,,,,,,,,,,,,,,,,,,,,,,,cafe,,,,,1,,11:00-22:00,,,,,,,,,,,,,,,,,,,,,,,,,,,,,,,,,,,,,
way/110109813,,,,,yes,,,,,,,,,,,,,,,,,,,,,,,,,,,,,,,,,,,,,,toilets,yes,,,,,,,,,,,,,,,,,,,,,,,,,,,,,,,,,,,,,,,,,,,
way/111343442,,,,,,,,,,,,,,,,,,water,,,,,,,,,,,,,,,,,,,,,,,,,,,,,,,,,,,,,,,,,,,,,,,,,,,,,,,,,,,,,,,,,,,,,
way/111429666,,,,,yes,,,,,,,,,,,,,,,,,,,,,,,,,,Открытая сцена,,,,,,,,,,,,,,,,,,,,,,,,,,,,,,,,,,,,,,,,,,,,,,,,,,,,,,,,
way/111636419,,,4 литАЕ,Елагин остров,pavilion,,,,,,,,,sports_centre,,,,,,,,,,197110,,,,,,,Прокат спорт инвентаря,,multi,,,,,,,,,,,,,,,2,,,,,,,,,,,,,,,,,,,,,,,,,,,,,,,,,,,,,,,
way/119581892,,,,,,,,,,,,,,pitch,,,,,,,,,,,,,,,,,,,volleyball,,,,,,,,,,,,,,,,,,,,,,,,,,,,,,,,,,,,,,,,,,,,,,,,,,,,,,
way/144643400,,,,,,,,,,,,,,pitch,,,,,,,,,,,,,,,,,Каток с искуственным льдом,,table_tennis,,,,,,,,,,,,,,,,,,,,,,,,,,,,,,,,,,,,,,,,,,,,,,,,,,,,,,
way/144643402,,,,,,,,,,,,,,pitch,,,,,,,,,,,,,,,,,Роллердром,,roller_skating;skateboard,,,,,,,,,,,,,,,,,,,,,,,,,,,,,,,,,,,,,,,,,,,,,,,,,,,,,,
way/173206736,,,,,yes,,,,,,,,,,,,,,,,,,,,,,,,,,,,,,,,,,,,,,,,,,,,,,,,,,,,,,,,,,,,,,,,,,,,,,,,,,,,,,,,,,
way/174954948,,,,,,,,,,,,,,,,,,water,river,,,,,,,,,,,,,,,,,,,,,,,,,,,,,,,,,,,,,,,,,,,,,,,,,,,,,,,,,,,,,,,,,,,,
way/174956647,,,,,,,,,,,,,,,,,,water,,,,,,,,,,,,,,,,,,,,,,,,,,,,,,,,,,,,,,,,,,,,,,,,,,,,,,,,,,,,,,,,,,,,,
way/174957276,,,,,,,,,,,,,,,,,,water,,,,,,,,,,,,,,,,,,,,,,,,,,,,,,,,,,,,,,,,,,,,,,,,,,,,,,,,,,,,,,,,,,,,,
way/181423903,,,4 литАВ,Елагин остров,yes,,,,,,rgis.spb.ru,,,,,,,,,,,,,197110,,,,,,,,,,,,,,,,,,,,,,,,1,,,,,,,,,,,,,,,,,,,,,,,,,,,,,,,,,,,,,,,
way/181423904,Санкт-Петербург,RU,4 литИ,Елагин остров,yes,,,,,,rgis.spb.ru,,,,,,,,,,,,,197110,,,,,,,,,,,,,,,,,,,,,,,,1,,,,,,,,,,,,,,,,,,,,,,,,,,,,,,,,,,,,,,,
way/181423905,Санкт-Петербург,RU,4 литЯ,Елагин остров,yes,,,,,,rgis.spb.ru,,,,,,,,,,,,,197110,,,,,,,,,,,,,,,,,,,,,,,,,,,,,,,,,,,,,,,,,,,,,,,,,,,,,,,,,,,,,,,
way/181423909,,,4 литГ,Елагин остров,public,Дом садовника Бука,,,,Дом садовника Бука,rgis.spb.ru,museum,,,,,,,,,,,,197110,yes,,,,,,,,,,,,,,,,,,,,,,,3,,,,,,,,,,,,,,,,,,,,,,,,,,,,,,,,,,,,,,,
way/181423910,,,4 литК,Елагин остров,public,Кавалерский корпус,Kavallerie-Korps,Cavalry Corps,Corps de cavalerie,Кавалерский корпус,rgis.spb.ru,museum,,,,,,,,,,,,197110,yes,,,,,,,,,,,,,,,,,,,,,,,3,,,,,,,,,,,,,,,,,,,,,,,,,,,,,,,,,,,,,,,
way/181423911,,,4 литЗ,Елагин остров,public,Каменные кладовые,,,,Каменные кладовые,,museum,,,,,,,,,,,,197110,,,,,,,,,,,,,,,,,,,,,,,,2,,,,,,,,,,,,,,,,,,,,,,,,,,,,,,,,,,,,,,,
way/181424637,,,4 литМ,Елагин остров,yes,,,,,,,,,,,,,,,,,,,197110,,,,,,,,,,,,,,,,,,,,,,,,1,,,,,,,,,,,,,,,,,,,,,,,,,,,,,,,,,,,,,,,
way/181430159,,,4 литАЖ,Елагин остров,yes,,,,,,,,,,,,,,,,,,,197110,,,,,,,,,,,,,,,,,,,,,,,,,,,,,,,,,,,,,,,,,,,,,,,,,,,,,,,,,,,,,,,
way/191723415,,,,,yes,Прокат финских саней,,,,,,,,sports_centre,,,,,,,,,,,,,,,,,,,skating,,,,,,,,,,,,,,,,,,,,,,,,,,,,,,,,,,,,,,,,,,,,,,,,,,,,,,
way/192061311,,,4 литЖ,Елагин остров,yes,,,,,,,,,,,,,,,,,,,197110,,,,,,,,,,,,,,,,,,,toilets,yes,,,,1,,Mo-Fr 11:00-20:00; Sa-Su 10:00-21:00,,,,,,yes,,,,,,,,,,,,,,,,,,,,,,,,,,,,,,,
way/367173406,,,,,,,,,,,,,,,,,,water,,,,,,,,,,,,,,,,,,,,,,,,,,,,,,,,,,,,,,,,,,,,,,,,,,,,,,,,,,,,,,,,,,,,,
way/368503770,,,,,,,,,,,,,,,,,,,,,,,,,,,,,,,,,,,,,,,,,,,,,bridge,,,,,,,,,,,,beam,1,,,,,,,,,,,,,,,,,,,,,,,,,,,,,
way/368503776,,,,,,,,,,,,,,,,,,,,,,,,,,,,,,,,,,,,,,,,,,,,,bridge,,,,,,,,,,,,arch,1,,,,,,,,,,,,,,,,,,,,,,,,,,,,,
way/369563618,,,,,,,,,,,,,,,,,,,,,,,,,,,,,,,,,,,,,,,,,,,,,bridge,,,,,,,,,,,,beam,1,,,,,,,,,,,,,,,,,,,,,,,,,,,,,
way/369563619,,,,,,,,,,,,,,,,,,,,,,,,,,,,,,,,,,,,,,,,,,,,,bridge,,,,,,,,,,,,,1,,,,,,,,,,,,,,,,,,,,,,,,,,,,,
way/369563620,,,,,,,,,,,,,,,,,,,,,,,,,,,,,,,,,,,,,,,,,,,,,bridge,,,,,,,,,,,,,1,,,,,,,,,,,,,,,,,,,,,,,,,,,,,
way/369563621,,,,,,,,,,,,,,,,,,,,,,,,,,,,,,,,,,,,,,,,,,,,,bridge,,,,,,,,,,,,,1,,,,,,,,,,,,,,,,,,,,,,,,,,,,,
way/369563622,,,,,,,,,,,,,,,,,,,,,,,,,,,,,,,,,,,,,,,,,,,,,bridge,,,,,,,,,,,,beam,1,,,,,,,,,,,,,,,,,,,,,,,,,,,,,
way/532714008,,,,,service,,,,,,,,,,,,,,,,,,,,,,,,,,,,,,,,,,,,,,,,,,,,,,,,,,1027,,,,substation,6000;400,,,,,,,,,,,,,,,,,,,,,,,,,,,
way/699822919,,,,,,База проката лодок и катамаранов,,,,,,,,,,,,,,,,,,,,,,,,,,,,,,,,,,,,,boat_rental,yes,pier,,yes,,,,,,,,,,,,,,yes,,,,,,,,,,,,,,,,,,,,,,,,,,
way/702920335,,,,,yes,,,,,,,,,,,,,,,,,,,,,,,,,,,,,,,,,,,,,,,,,,,,,,,,,,,,,,,,,ticket,,,,,,,,,,,,,,,,,,,,,,,,,
way/702920336,,,,,toilets,,,,,,,,,,,,,,,,,,,,,,,,,,,,,,,,,,,,,,,,,,,,,,,,,,,,,,,,,,,,,,,,,,,,,,,,,,,,,,,,,,
way/702920341,,,,,yes,,,,,,,,,,,,,,,,,,,,,,,,,,,,,,,,,,,,,,,,,,,1,,,,,,,,,,,,,,,,,,,,,,,,,,,,,,,,,,,,,,,
way/702920342,,,,,barn,,,,,,,,,,,,,,,,,,,,,,,,,,,,,,,,,,,,,,,,,,,1,,,,,,,,,,,,,,,,,,,,,,,,,,,,,,,,,,,,,,,
way/702920343,,,,,yes,,,,,,,,,,,,,,,,,,,,,,,,,,,,,,,,,,,,,,,,,,,1,,,,,,,,,,,,,,,,,,,,,,,,,,,,,,,,,,,,,,,
way/702920348,,,,,yes,,,,,,,,,,,,,,,,,,,,,,,,,,,,,,,,,,,,,,,,,,,,,,,,,,,,,,,,,ticket,,,,,,,,,,,,,,,,,,,,,,,,,
way/702920349,,,,,yes,,,,,,,,,,,,,,,,,,,,,,,,,,,,,,,,,,,,,,,,,,,,,,,,,,,,,,,,,,,,,,,,,,,,,,,,,,,,,,,,,,
way/717782203,,,,,yes,,,,,,,,,,,,,,,,,,,,,,,,,,,,,,,,,,,,,,,,,,,1,,,,,,,,,,,,,,,,,,,,,,,,,,,,,,,,,,,,,,,
way/717782206,,,,,,,,,,,,,,playground,,,,,,,,,,,,,,,,,,,,,,,,,,,,,,,,,,,,,,,,,,,,,,,,,,,,,,,,,,,,,,,,,,,,,,,,,
way/717782207,,,,,yes,,,,,,,,,,,,,,,,,,,,,,,,,,,,,,,,,,,,,,,,,,,1,,,,,,,,,,,,,,,,,,,,,,,,,,,,,,,,,,,,,,,
way/717782214,,,,,yes,,,,,,,,,,,,,,,,,,,,,,,,,,,,,,,,,,,,,,,,,,,1,,,,,,,,,,,substation,,,,,,,,,,,,,,,,,,,,,,,,,,,,
way/717782216,,,,,,,,,,,,,,,,,,water,,,,,,,,,,,,,,,,,,,,,,,,,,,,,,,,,,,,,,,,,,,,,,,,,,,,,,,,,,,,,,,,,,,,,
way/717881701,,,4 литА,Елагин остров,public,Елагин дворец,Jelagin-Palast,Yelagin Palace,,Елагин дворец,,,,,Q2568720,,,,,,,,,197110,palace,,,,,,,,,,,,,,,,,,,,,,,2,,,,,,,,,,,,,,,Елагинский дворец,,,,,,,,,,,,,,,,,,,,,,,,
way/717881708,,,,,,,,,,,,,,,,,,,,,,,,,,,,grass,,,,,,,,,,,,,,,,,,,,,,,,,,,,,,,,,,,,,,,,,,,,,,,,,,,,,,,,,,,
way/717881709,,,,,,,,,,,,,,,,,,,,,,,,,,,,grass,,,,,,,,,,,,,,,,,,,,,,,,,,,,,,,,,,,,,,,,,,,,,,,,,,,,,,,,,,,
way/717885285,,,,,roof,,,,,,,,,,,,,,,,,,,,,,,,,,,,,,,,,,,,,,,,,,,,,,,,,,,,,,,,,,,,,,,,,,,,,,,,,,,,,,,,,,
way/717885286,,,,,roof,,,,,,,,,,,,,,,,,,,,,,,,,,,,,,,,,,,,,,,,,,,,,,,,,,,,,,,,,,,,,,,,,,,,,,,,,,,,,,,,,,
way/717885287,,,,,yes,,,,,,,,,bandstand,,,,,,,,,,,,,,,,,,,,,,,,,,,,,,,,,,,,,,,,,,,,,,,,,,,,,,,,,,,,,,,,,,,,,,,,,
way/717885288,,,,,,Эстрадный театр,,,,,,,,,,,,,,,,,,,,,,,,,,,,,,,,,,,,,theatre,,,,,,,,,,,,,,,,,,,,,open_air,,,,,,,,,,,,,,,,,,,,,,,
way/718932108,,,,,yes,,,,,,,,,,,,,,,,,,,,,,,,,,,,,,,,,,,,,,,,,,,,,,,,,,,,,,,,,,,,,,,,,,,,,,,,,,,,,,,,,,
way/718932111,,,,,,,,,,,,,,garden,,,,,,,,,,,,,,,,,,,,,,,,,,,,,,,,,,,,,,,,,,,,,,,,,,,,,,,,,,,,,,,,,,,,,,,,,
way/736544122,,,,,,,,,,,,,,,,,,,,,,,,,,,,,,,,,,,,,,,,,,,,,,,,1,,,,,,,,,,,,,,,,,yes,,,,,,,,,,,,,,,,,,,,,,
way/736544124,,,,,,,,,,,,,,,,,,,,,,,,,,,,,,,,,,,,,,,,,,,,,,,,1,,,,,колоннада,,,,,,,,,,,,yes,,,,,,,,,,,,,,,,,,,,,,
way/736544126,,,,,,,,,,,,,,,,,,,,,,,,,,,,,,,,,,,,,,,,,,,,,,,,1,,,,,,,,,,,,,,,,,yes,,,,,,,,,,,,,,,,,,,,,,
way/736544128,,,,,,,,,,,,,,,,,,,,,,,,,,,,,,,,,,,,,,,,,,,,,,,,2,,,,,,,,,,,,,,,,,yes,,,,,,,,,,,,,,,,,,,,,,
way/736544129,,,,,yes,,,,,,,,,,,,,,,,,,,,,,,,,,,,,,,,,,,,,,,,,,,1,,,,,,,,,,,,,,,,,,,,,,,,,,,,,,,,,,,,,,,
way/736544131,,,,,yes,,,,,,,,,,,,,,,,,,,,,,,,,,,,,,,,,,,,,,fast_food,,,,,1,,,,,,,,,,,,,,,,,,,,,,,,,,,,,,,,,,,,,,,
way/736544134,,,,,,,,,,,,,,,,,,,,,,,,,,,,,,,,,,,,,,,,,,,,,,,,1,,,,,,,,,,,,,,,,,yes,,,,,,,,,,,,,,,,,,,,,,
way/736544136,,,,,,,,,,,,,,,,,,,,,,,,,,,,,,,,,,,,,,,,,,,,,,,,2,,,,,,,,,,,,,,,,,yes,,,,,,,,,,,,,,,,,,,,,,
way/736544137,,,,,yes,,,,,,,,,,,,,,,,,,,,,,,,,,,,,,,,,,,,,,fast_food,,,,,1,,,,,,,,,,,,,,,,,,,,,,,,,,,,,,,,,,,,,,,
way/736544138,,,,,yes,,,,,,,,,,,,,,,,,,,,,,,,,,,,,,,,,,,,,,fast_food,,,,,1,,,,,,,,,,,,,,,,,,,,,,,,,,,,,,,,,,,,,,,
way/736544140,,,,,,,,,,,,zoo,,,,,,,,,,,,,,,,,,,,,,,,,,,,,,,,,,,,,,,,,,,,,,,,,,,,,,,,,,,,,,,,,,,,,,,,,,,
way/736544143,,,,,yes,,,,,,,,,,,,,,,,,,,,,,,,,,,,,,,,,,,,,,,,,,,1,,,,,,,,,,,,,,,,,,,,,,,,,,,,,,,,,,,,,,,
way/736544144,,,,,,,,,,,,,,,,,,,,,,,,,,,,,,,,,,,,,,,,,,,,,,,,2,,,,,,,,,,,,,,,,,yes,,,,,,,,,,,,,,,,,,,,,,
way/736544149,,,,,,,,,,,,,,,,,,,,,,,,,,,,,,,,,,,,,,,,,,,,,,,,2,,,,,,,,,,,,,,,,,yes,,,,,,,,,,,,,,,,,,,,,,
way/737907888,,,,,yes,,,,,,,,,,,,,,,,,,,,,,,,,,,,,,,,,,,,,,,,,,,1,,,,,,,,,,,,,,,,,,,,,,,,,,,,,,,,,,,,,,,
way/737907889,,,,,,,,,,,,,,garden,,,,,,,,,,,,,,,,,,,,,,,,,,,,,,,,,,,,,,,,,,,,,,,,,,,,,,,,,,,,,,,,,,,,,,,,,
way/737907898,,,,,yes,,,,,,,,,,,,,,,,,,,,,,,,,,,,,,,,,,,,,,,,,,,1,,,,,,,,,,,,,,,,,,,,,,,,,,,,,,,,,,,,,,,
way/738578593,,,,,,,,,,,,,,,,,,,,,,,,,,,,,,,,,,,,,,,,,,,,,,,,3,,,,,,,,,,,,,,,,,yes,2,,,,,,,,,,,,,,,,,,,,,
way/738578598,,,,,,,,,,,,,,garden,,,,,,,,,,,,,,,,,,,,,,,,,,,,,,,embankment,,,,,,,,,,,,,,,,,,,,,,,,,,,,,,,,,,,,,,,,,,
way/738578606,,,,,yes,,,,,,,,,,,,,,,,,,,,,,,,,,,,,,,,,,,,,,,,,,,1,,,,,,,,,,,,,,,,,,,,,,,,,,,,,,,,,,,,,,,
way/907014587,,,,,,,,,,,,,,,,,,scrub,,,,,,,,,,,,,,,,,,,,,,,,,,,,,,,,,,,,,,,,,,,,,,,,,,,,,,,,,,,,,,,,,,,,,
way/960193788,,,,,,,,,,,,,,pitch,,,,,,,,,,,,,,,yes,,,,workout,,,,,,,,unpaved,,,,,,,,,,,,,,,,,,,,,,,,,,no,,,,,,,,,,,,,,,,,,,,
way/9874549,,,,,,5-й Северный пруд,,5th Northern Pond,,,,,,,,,yes,water,pond,,,,,,,,,,,,,,,,,,,,,,,,,,,,,,,,,,,,,,,,,,,,,,,,,"[{'role': 'outer', 'rel': 8613894, 'reltags': {'kpoos_id': '3230', 'kpoos_status': 'поднадзорный', 'name': 'Елагинские пруды', 'name:en': 'Yelagin Ponds', 'name:postfix': 'пруды', 'natural': 'water', 'type': 'multipolygon', 'water': 'pond'}}]",,,,,,,,,,,,,,,,,,,
way/27554558,,,,,,Центр развития пляжных видов спорта,,,,,,,,pitch,,,,,,,,,,,,,,,,,,,beachvolleyball,,,,,,,,sand,,,,,,,,,,,,,,,,,,,,,,,,,,,"[{'role': 'inner', 'rel': 3290101, 'reltags': {'landuse': 'grass', 'type': 'multipolygon'}}]",,,,,,,,,,,,,,,,,,,
way/23149992,,,,,,1-й Южный пруд,,1st Southern Pond,,,,,,,,,yes,water,pond,,,,,,,,,,,,,,,,,,,,,,,,,,,,,,,,,,,,,,,,,,,,,,,,,"[{'role': 'outer', 'rel': 8613894, 'reltags': {'kpoos_id': '3230', 'kpoos_status': 'поднадзорный', 'name': 'Елагинские пруды', 'name:en': 'Yelagin Ponds', 'name:postfix': 'пруды', 'natural': 'water', 'type': 'multipolygon', 'water': 'pond'}}]",,,,,,,,,,,,,,,,,,,
way/23150049,,,,,,2-й Северный пруд,,2nd Northern Pond,,,,,,,,,yes,water,pond,,,,,,,,,,,,,,,,,,,,,,,,,,,,,,,,,,,,,,,,,,,,,,,,,"[{'role': 'outer', 'rel': 8613894, 'reltags': {'kpoos_id': '3230', 'kpoos_status': 'поднадзорный', 'name': 'Елагинские пруды', 'name:en': 'Yelagin Ponds', 'name:postfix': 'пруды', 'natural': 'water', 'type': 'multipolygon', 'water': 'pond'}}]",,,,,,,,,,,,,,,,,,,
way/368503777,,,,,,2-й Елагин мост,,2nd Elagin Bridge,,,,,,,Q3563156,ru:2-й Елагин мост,,,,,,,,,,,,,,,,,,,,,,,,,,,,,bridge,,,,,,,,,,,,beam,1,,,,,,,,,,"[{'role': 'outline', 'rel': 5633666, 'reltags': {'name': '2-й Елагин мост', 'type': 'bridge'}}]",,,,,,,,,,,,,,,,,,,
way/111423056,,,,,,,,,,,,,,,,,,,,,,,islet,,,,,,,,Сезонный обезьянник,,,,,,,,,,,,,,,,,,,,,,,,,,,,,,,,,,,,,"[{'role': 'inner', 'rel': 1567613, 'reltags': {'name': '3-й Южный пруд', 'name:en': '3rd Southern Pond', 'name:infix': 'yes', 'natural': 'water', 'type': 'multipolygon', 'water': 'pond'}}, {'role': 'inner', 'rel': 8613894, 'reltags': {'kpoos_id': '3230', 'kpoos_status': 'поднадзорный', 'name': 'Елагинские пруды', 'name:en': 'Yelagin Ponds', 'name:postfix': 'пруды', 'natural': 'water', 'type': 'multipolygon', 'water': 'pond'}}]",,,,,,,,,,,,,,,,,,,
way/23150088,,,,,,1-й Северный пруд,,1st Northern Pond,,,,,,,,,yes,water,pond,,,,,,,,,,,,,,,,,,,,,,,,,,,,,,,,,,,,,,,,,,,,,,,,,"[{'role': 'outer', 'rel': 8613894, 'reltags': {'kpoos_id': '3230', 'kpoos_status': 'поднадзорный', 'name': 'Елагинские пруды', 'name:en': 'Yelagin Ponds', 'name:postfix': 'пруды', 'natural': 'water', 'type': 'multipolygon', 'water': 'pond'}}]",,,,,,,,,,,,,,,,,,,
way/369563617,,,,,,1-й Елагин мост,,1st Elagin Bridge,,,,,,,Q3563154,ru:1-й Елагин мост,,,,,,,,,,,,,,,,,,,,,,,,,,,,,bridge,,,,,,,,,,,,beam,1,,,,,,,,,,"[{'role': 'outline', 'rel': 5633668, 'reltags': {'name': '1-й Елагин мост', 'type': 'bridge'}}]",,,,,,,,,,,,,,,,,,,
way/368506891,,,,,,3-й Елагин мост,,3rd Elagin Bridge,,,,,,,Q3563073,ru:3-й Елагин мост,,,,,,,,,,,,,,,,,,,,,,,,,,,,,bridge,,,,,,,,,,,,beam,1,,,,,,,,,,"[{'role': 'outline', 'rel': 5633667, 'reltags': {'name': '3-й Елагин мост', 'type': 'bridge'}}]",,,,,,,,,,,,,,,,,,,
way/27187329,,,,,,,,,,,,,,,,,,,,,,,,,,,,,,,,,,,,,,,,,,,,,,,,,,,,,,,,,,,,,,,,,,,,,footway,,,,,,,,,,,,,,,,,,
way/27187526,,,,,,,,,,,,,,,,,,,,,,,,,,,,,,,,,,,,,,,,,,,,,,,,,,,,,,,,,,,,,,,,,,,,,path,,,,,,,,,,,,,,,,,,
way/27187554,,,,,,,,,,,,,,,,,,,,,,,,,,,,,,,,,,,,,,,,,compacted,,,,,,,,,,,,,,,,,,,,,,,,,,,,footway,,,,,,,,,,,,,,,,,,
way/27204720,,,,,,,,,,,,,,,,,,,,,,,,,,,,,,,,,,,,,,,,,compacted,,,,,,,,,,,,,,,,,,,,,,,,,,,,footway,,,,,,,,,,,,,,,,,,
way/27260411,,,,,,,,,,,,,,,,,,,,,,,,,,,,,,,,,,,,,,,,,,,,,,,,,,,,,,,,,,,,,,,,,,,,,footway,,,,,,,,,,,,,,,,,,
way/27260415,,,,,,,,,,,,,,,,,,,,,,,,,,,,,,,,,,,,,,,,,,,,,,,,,,,,,,,,,,,,,,,,,,,,,footway,,,,,,,,,,,,,,,,,,
way/27415417,,,,,,,,,,,,,,,,,,,,,,,,,,,,,,,,,,,,,,,,,,,,,,,,,,,,,,,,,,,,,,,,,,,,,footway,,,,,,,,,,,,,,,,,,
way/27415430,,,,,,,,,,,,,,,,,,,,,,,,,,,,,,,,,,,,,,,,,,,,,,,,,,,,,,,,,,,,,,,,,,,,,footway,,,,,,,,,,,,,,,,,,
way/27415466,,,,,,,,,,,,,,,,,,,,,,,,,,,,,,,,,,,,,,,,,,,,,,,,,,,,,,,,,,,,,,,,,,,,,footway,,,,,,,,,,,,,,,,,,
way/27415518,,,,,,,,,,,,,,,,,,,,,,,,,,,,,,,,,,,,,,,,,,,,,,,,,,,,,,,,,,,,,,,,,,,,,path,,,,,,,,,,,,,,,,,,
way/27415523,,,,,,,,,,,,,,,,,,,,,,,,,,,,,,,,,,,,,,,,,,,,,,,,,,,,,,,,,,,,,,,,,,,,,footway,,,,,,,,,,,,,,,,,,
way/27415541,,,,,,,,,,,,,,,,,,,,,,,,,,,,,,,,,,,,,,,,,,,,,,,,,,,,,,,,,,,,,,,,,,,,,footway,,,,,,,,,,,,,,,,,,
way/27415720,,,,,,,,,,,,,,,,,,,,,,,,,,,,,,,,,,,,,,,,,,,,,,,,,,,,,,,,,,,,,,,,,,,,,path,,,,,,,,,,,,,,,,,,
way/27416179,,,,,,,,,,,,,,,,,,,,,,,,,,,,,,,,,,,,,,,,,,,,,,,,,,,,,,,,,,,,,,,,,,,,,path,,,,,,,,,,,,,,,,,,
way/27416281,,,,,,,,,,,,,,,,,,,,,,,,,,,,,,,,,,,,,,,,,,,,,,,,,,,,,,,,,,,,,,,,,,,,,path,,,,,,,,,,,,,,,,,,
way/27416342,,,,,,,,,,,,,,,,,,,,,,,,,,,,,,,,,,,,,,,,,,,,,,,,,,,,,,,,,,,,,,,,,,,,,footway,,,,,,,,,,,,,,,,,,
way/27416349,,,,,,,,,,,,,,,,,,,,,,,,,,,,,,,,,,,,,,,,,compacted,,,,,,,,,,,,,,,,,,,,,,,,,,,,path,,,,,,,,,,,,,,,,,,
way/27416361,,,,,,,,,,,,,,,,,,,,,,,,,,,,,,,,,,,,,,,,,,,,,,,,,,,,,,,,,,,,,,,,,,,,,path,,,,,,,,,,,,,,,,,,
way/27416369,,,,,,,,,,,,,,,,,,,,,,,,,,,,,,,,,,,,,,,,,,,,,,,,,,,,,,,,,,,,,,,,,,,,,path,,,,,,,,,,,,,,,,,,
way/27554477,,,,,,,,,,,,,,,,,,,,,no,,,,,,,,,,,,,,,,,,,,,,,,,,,,,,,,,,,,,,,,,,,,,,,,,drain,,,,,,,,,,,,,,,,,
way/27554511,,,,,,,,,,,,,,,,,,,,,,,,,,,,,,,,,,,,,,,,,,,,,,,,,,,,,,,,,,,,,,,,,,,,,footway,,,,,,,,,,,,,,,,,,
way/27554566,,,,,,,,,,,,,,,,,,,,,,,,,,,,,,,,,,,,,,,,,,,,,,,,,,,,,,,,,,,,,,,,,,,,,path,,,,,,,,,,,,,,,,,,
way/27554698,,,,,,,,,,,,,,,,,,,,,,,,,,,,,,,,,,,,,,,,,,,,,,,,,,,,,,,,,,,,,,,,,,,,,footway,,,,,,,,,,,,,,,,,,
way/27589739,,,,,,,,,,,,,,,,,,,,,,,,,,,,,,,,,,,,,,,,,asphalt,,,,,,,,,,,,,,,,,,,,,,,,,,,,footway,,,,,,,,,,,,,,,,,,
way/27589742,,,,,,,,,,,,,,,,,,,,,,,,,,,,,,,,,,,,,,,,,asphalt,,,,,,,,,,,,,,,,,1,,,,,,,,,,,footway,,yes,,,,,,,,,,,,,,,,
way/27589772,,,,,,,,,,,,,,,,,,,,,,,,,,,,,,,,,,,,,,,,,fine_gravel,,,,,,,,,,,,,,,,,,,,,,,,,,,,path,,,,,,,,,,,,,,,,,,
way/27589784,,,,,,,,,,,,,,,,,,,,,,,,,,,,,,,,,,,,,,,,,dirt,,,,,,,,,,,,,,,,,,,,,,,,,,no,,footway,,,intermediate,,,,,,,,,,,,,,,
way/27589888,,,,,,,,,,,,,,,,,,,,,,,,,,,,,,,,,,,,,,,,,compacted,,,,,,,,,,,,,,,,,,,,,,,,,,,,footway,,,,,,,,,,,,,,,,,,
way/27589898,,,,,,,,,,,,,,,,,,,,,,,,,,,,,,,,,,,,,,,,,asphalt,,,,,,,,,,,,,,,,,,,,,,,,,,,,footway,,,,,,,,,,,,,,,,,,
way/27589900,,,,,,,,,,,,,,,,,,,,,,,,,,,,,,,,,,,,,,,,,asphalt,,,,,,,,,,,,,,,,,1,,,,,,,,,,,footway,,yes,,,,,,,,,,,,,,,,
way/27589903,,,,,,,,,,,,,,,,,,,,,,,,,,,,,,,,,,,,,,,,,asphalt,,,,,,,,,,,,,,,,,,,,,,,,,,,,footway,,,,,,,,,,,,,,,,,,
way/27589938,,,,,,,,,,,,,,,,,,,,,,,,,,,,,,,,,,,,,,,,,dirt,,,,,,,,,,,,,,,,,,,,,,,,,,yes,,footway,,,intermediate,,,,,,,,,,,,,,,
way/27589947,,,,,,,,,,,,,,,,,,,,,,,,,,,,,,,,,,,,,,,,,,,,,,,,,,,,,,,,,,,,,,,,,,,,,footway,,,,,,,,,,,,,,,,,,
way/27590221,,,,,,,,,,,,,,,,,,,,,,,,,,,,,,,,,,,,,,,,,,,,,,,,,,,,,,,,,,,,,,,,,,,,,footway,,,,,,,,,,,,,,,,,,
way/27590453,,,,,,,,,,,,,,,,,,,,,,,,,,,,,,,,,,,,,,,,,asphalt,,,,,,,,,,,,,,,,,,,,,,,,,,,,footway,,,,,,,,,,,,,,,,,,
way/27590471,,,,,,,,,,,,,,,,,,,,,,,,,,,,,,,,,,,,,,,,,asphalt,,,,,,,,,,,,,,,,,1,,,,,,,,,,,footway,,yes,,,,,,,,,,,,,,,,
way/28269924,,,,,,,,,,,,,,,,,,,,,,,,,,,,,,,,,,,,,,,,,,,,,,,,,,,,,,,,,,,,,,,,,,,,,path,,,,,,,,,,,,,,,,,,
way/28269941,,,,,,,,,,,,,,,,,,,,,,,,,,,,,,,,,,,,,,,,,dirt,,,,,,,,,,,,,,,,,,,,,,,,,,,,footway,,,intermediate,,,,,,,,,,,,,,,
way/30836250,,,,,,,,,,,,,,,,,,,,,,,,,,,,,,,,,,,,,,,,,asphalt,,,,,,,,,,,,,,,,,,,,,,,,,,,,footway,,,,,,,,,,,,,,,,,,
way/30836268,,,,,,,,,,,,,,,,,,,,,,,,,,,,,,,,,,,,,,,,,asphalt,,,,,,,,,,,,,,,,,,,,,,,,,,,,footway,,,,,,,,,,,,,,,,,,
way/30836330,,,,,,,,,,,,,,,,,,,,,,,,,,,,,,,,,,,,,,,,,,,,,,,,,,,,,,,,,,,,,,,,,,,,,footway,,,,,,,,,,,,,,,,,,
way/30836344,,,,,,,,,,,,,,,,,,,,,,,,,,,,,,,,,,,,,,,,,fine_gravel,,,,,,,,,,,,,,,,,,,,,,,,,,,,footway,,,intermediate,,,,,,,,,,,,,,,
way/30836413,,,,,,,,,,,,,,,,,,,,,,,,,,,,,,,,,,,,,,,,,dirt,,,,,,,,,,,,,,,,,,,,,,,,,,no,,footway,,,intermediate,,,,,,,,,,,,,,,
way/30836462,,,,,,,,,,,,,,,,,,,,,,,,,,,,,,,,,,,,,,,,,,,,,,,,,,,,,,,,,,,,,,,,,,,,,footway,,,,,,,,,,,,,,,,,,
way/30836479,,,,,,,,,,,,,,,,,,,,,,,,,,,,,,,,,,,,,,,,,dirt,,,,,,,,,,,,,,,,,,,,,,,,,,,,footway,,,intermediate,,,,,,,,,,,,,,,
way/31369711,,,,,,,,,,,,,,,,,,,,,,,,,,,,,,,,,,,,,,,,,,,,,,,,,,,,,,,,,,,,,,,,,,,,,footway,,,,,,,,,,,,,,,,,,
way/31371158,,,,,,,,,,,,,,,,,,,,,,,,,,,,,,,,,,,,,,,,,asphalt,,,,,,,,,,,,,,,,,,,,,,,,,,,,footway,,,,,,,,,,,,,,,,,,
way/31372044,,,,,,,,,,,,,,,,,,,,,,,,,,,,,,,,,,,,,,,,,dirt,,,,,,,,,,,,,,,,,,,,,,,,,,,,footway,,,intermediate,,,,,,,,,,,,,,,
way/31378221,,,,,,,,,,,,,,,,,,,,,,,,,,,,,,,,,,,,,,,,,dirt,,,,,,,,,,,,,,,,,,,,,,,,,,yes,,footway,,,intermediate,,,,,,,,,,,,,,,
way/34307260,,,,,,,,,,,,,,,,,,,,,,,,,,,,,,,,,,,,,,,,,concrete,,,,,,,,,,,,,,,,,,,,,,,,,,,,steps,,,,yes,yes,,,,,,,,,,,,,
way/81109172,,,,,,,,,,,,,,,,,,,,,,,,,,,,,,,,,,,,,,,,,,,,,,,,,,,,,,,,,,,,,,,,,,,,,path,,,,,,,,,,,,,,,,,,
way/81109173,,,,,,,,,,,,,,,,,,,,,,,,,,,,,,,,,,,,,,,,,,,,,,,,,,,,,,,,,,1,,,,,,,,,,,path,,yes,,,,,,,,,,,,,,,,
way/81113427,,,,,,,,,,,,,,,,,,,,,,,,,,,,,,,,,,,,,,,,,asphalt,,,,,,,,,,,,,,,,,1,,,,,,,,,,,footway,,yes,,,,,,,,,,,,,,,,
way/81113428,,,,,,,,,,,,,,,,,,,,,,,,,,,,,,,,,,,,,,,,,asphalt,,,,,,,,,,,,,,,,,,,,,,,,,,,,footway,,,,,,,,,,,,,,,,,,
way/81113431,,,,,,,,,,,,,,,,,,,,,,,,,,,,,,,,,,,,,,,,,asphalt,,,,,,,,,,,,,,,,,1,,,,,,,,,,,footway,,yes,,,,,,,,,,,,,,,,
way/98992769,,,,,,,,,,,,,,,,,,,,,,,,,,,,,,,,,,,,,,,,,paving_stones,,,,,,,,,,,,,,,,,,,,,,,,,,,,footway,,,,,,,,,,,,,,,,,,
way/98992770,,,,,,,,,,,,,,,,,,,,,,,,,,,,,,,,,,,,,,,,,fine_gravel,,,,,,,,,,,,,,,,,,,,,,,,,,,,footway,,,,,,,,,,,,,,,,,,
way/100144102,,,,,,,,,,,,,,,,,,,,,,,,,,,,,,,,,,,,,,,,,dirt,,,,,,,,,,,,,,,,,,,,,,,,,,,,footway,,,intermediate,,,,,,,,,,,,,,,
way/100144103,,,,,,,,,,,,,,,,,,,,,,,,,,,,,,,,,,,,,,,,,,,,,,,,,,,,,,,,,,1,,,,,,,,,,,path,,yes,,,,,,,,,,,,,,,,
way/100144104,,,,,,,,,,,,,,,,,,,,,,,,,,,,,,,,,,,,,,,,,,,,,,,,,,,,,,,,,,,,,,,,,,,,,path,,,,,,,,,,,,,,,,,,
way/100144105,,,,,,,,,,,,,,,,,,,,,,,,,,,,,,,,,,,,,,,,,,,,,,,,,,,,,,,,,,1,,,,,,,,,,,footway,,yes,,,,,,,,,,,,,,,,
way/100144528,,,,,,,,,,,,,,,,,,,,,,,,,,,,,,,,,,,,,,,,,,,,,,,,,,,,,,,,,,-1,,,,,,,,,,,,drain,,,,,culvert,,,,,,,,,,,,
way/100145334,,,,,,,,,,,,,,,,,,,,,,,,,,,,,,,,,,,,,,,,,,,,,,,,,,,,,,,,,,,,,,,,,,,,,,canal,,,,,,,,,,,,,,,,,
way/100145335,,,,,,,,,,,,,,,,,,,,,,,,,,,,,,,,,,,,,,,,,fine_gravel,,,,,,,,,,,,,,,,,,,,,,,,,,,,footway,,,,,,,,,,,,,,,,,,
way/100145336,,,,,,,,,,,,,,,,,,,,,,,,,,,,,,,,,,,,,,,,,asphalt,,,,,,,,,,,,,,,,,1,,,,,,,,,,,footway,,yes,,,,,,,,,,,,,,,,
way/100146281,,,,,,,,,,,,,,,,,,,,,,,,,,,,,,,,,,,,,,,,,,,,,,,,,,,,,,,,,,,,,,,,,,,,,,canal,,,,,,,,,,,,,,,,,
way/100146851,,,,,,,,,,,,,,,,,,,,,,,,,,,,,,,,,,,,,,,,,,,,,,,,,,,,,,,,,,,,,,,,,,,,,,canal,,,,,,,,,,,,,,,,,
way/100146852,,,,,,,,,,,,,,,,,,,,,,,,,,,,,,,,,,,,,,,,,,,,,,,,,,,,,,,,,,1,,,,,,,,,,,footway,,yes,,,,,,,,,,,,,,,,
way/100146853,,,,,,,,,,,,,,,,,,,,,,,,,,,,,,,,,,,,,,,,,,,,,,,,,,,,,,,,,,,,,,,,,,,,,footway,,,,,,,,,,,,,,,,,,
way/100147063,,,,,,,,,,,,,,,,,,,,,,,,,,,,,,,,,,,,,,,,,asphalt,,,,,,,,,,,,,,,,,1,,,,,,,,,,,footway,,yes,,,,,,,,,,,,,,,,
way/100867318,,,,,,,,,,,,,,,,,,,,,,,,,,,,,,,,,,,,,,,,,,,,,,,,,,,,,,,,,,,,,,,,,,,,,footway,,,,,,,,,,,,,,,,,,
way/100867319,,,,,,,,,,,,,,,,,,,,,,,,,,,,,,,,,,,,,,,,,,,,,,,,,,,,,,,,,,,,,,,,,,,,,,,,,,,,path,,,,,,,,,,,
way/100867322,,,,,,,,,,,,,,,,,,,,,,,,,,,,,,,,,,,,,,,,,,,,,,,,,,,,,,,,,,,,,,,,,,,,,footway,,,,,,,,,,,,,,,,,,
way/101376225,,,,,,,,,,,,,,,,,,,,,,,,,,,,,,,,,,,,,,,,,,,,,,,,,,,,,,,,,,,,,,,,,,,,,,,,,,,,,fence,,,,,,,,,,
way/102155551,,,,,,,,,,,,,,,,,,,,,,,,,,,,,,,,,,,,,,,,,concrete,,,,,,,,,,,,,,,,,,,,,,,,,,,,steps,,,,no,,,,,,,,,,,,,,
way/102155554,,,,,,,,,,,,,,,,,,,,,,,,,,,,,,,,,,,,,,,,,asphalt,,,,,,,,,,,,,,,,,1,,,,,,,,,,,footway,,yes,,,,,,,,,,,,,,,,
way/102156652,,,,,,,,,,,,,,,,,,,,,,,,,,,,,,,,,,,,,,,,,,,,,,,,,,,,,,,,,,,,,,,,,,,,,,,,,,,,,fence,,,,,,,,,,
way/102156653,,,,,,,,,,,,,,,,,,,,,,,,,,,,,,,,,,,,,,,,,dirt,,,,,,,,,,,,,,,,,,,,,,,,,,,,path,,,intermediate,,,,,,,,,,,,,,,
way/102156654,,,,,,,,,,,,,,,,,,,,,,,,,,,,,,,,,,,,,,,,,,,,,,,,,,,,,,,,,,,,,,,,,,,,,,,,,,,,,fence,,,,,,,,,,
way/105632803,,,,,,,,,,,,,,,,,,,,,,,,,,,,,,,,,,,,,,,,,,,,,,,,,,,,,,,,,,,,,,,,,,,,,path,,,,,,,,,,,,,,,,,,
way/105635107,,,,,,,,,,,,,,,,,,,,,,,,,,,,,,,,,,,,,,,,,dirt,,,,,,,,,,,,,,,,,,,,,,,,,,,,footway,,,intermediate,,,,,,,,,,,,,,,
way/105637183,,,,,,,,,,,,,,,,,,,,,,,,,,,,,,,,,,,,,,,,,dirt,,,,,,,,,,,,,,,,,,,,,,,,,,yes,,footway,,,intermediate,,,,,,,,,,,,,,,
way/107099117,,,,,,,,,,,,,,,,,,,,,,,,,,,,,,,,,,,,,,,,,,,,,,,,,,,,,,,,,,,,,,,,,,,,,footway,,,,,,,,,,,,,,,,,,
way/107099118,,,,,,,,,,,,,,,,,,,,,,,,,,,,,,,,,,,,,,,,,dirt,,,,,,,,,,,,,,,,,,,,,,,,,,,,path,,,intermediate,,,,,,,,,,,,,,,
way/107101524,,,,,,,,,,,,,,,,,,,,,,,,,,,,,,,,,,,,,,,,,fine_gravel,,,,,,,,,,,,,,,,,,,,,,,,,,,,footway,,,,,,,,,,,,,,,,,,
way/107102986,,,,,,,,,,,,,,,,,,,,,,,,,,,,,,,,,,,,,,,,,asphalt,,,,,,,,,,,,,,,,,,,,,,,,,,,,footway,,,,,,,,,,,,,,,,,,
way/107104347,,,,,,,,,,,,,,,,,,,,,,,,,,,,,,,,,,,,,,,,,dirt,,,,,,,,,,,,,,,,,,,,,,,,,,,,footway,,,intermediate,,,,,,,,,,,,,,,
way/107155262,,,,,,,,,,,,,,,,,,,,,,,,,,,,,,,,,,,,,,,,,dirt,,,,,,,,,,,,,,,,,,,,,,,,,,,,path,,,bad,,,,,,,,,,,,,,,
way/110115282,,,,,,,,,,,,,,,,,,,,,,,,,,,,,,,,,,,,,,,,,,,,,,,,,,,,,,,,,,,,,,,,,,,,,path,,,,,,,,,,,,,,,,,,
way/110115292,,,,,,,,,,,,,,,,,,,,,,,,,,,,,,,,,,,,,,,,,dirt,,,,,,,,,,,,,,,,,,,,,,,,,,,,footway,,,intermediate,,,,,,,,,,,,,,,
way/110120474,,,,,,,,,,,,,,,,,,,,,,,,,,,,,,,,,,,,,,,,,,,,,,,,,,,,,,,,,,,,,,,,,,,,,path,,,,,,,,,,,,,,,,,,
way/110120476,,,,,,,,,,,,,,,,,,,,,,,,,,,,,,,,,,,,,,,,,compacted,,,,,,,,,,,,,,,,,,,,,,,,,,,,path,,,,,,,,,,,,,,,,,,
way/110277512,,,,,,,,,,,,,,,,,,,,,,,,,,,,,,,,,,,,,,,,,,,,,,,,,,,,,,,,,,,,,,,,,,,,,path,,,,,,,,,,,,,,,,,,
way/110300886,,,,,,,,,,,,,,,,,,,,,,,,,,,,,,,,,,,,,,,,,,,,,,,,,,,,,,,,,,,,,,,,,,,,,path,,,,,,,,,,,,,,,,,,
way/110300887,,,,,,,,,,,,,,,,,,,,,,,,,,,,,,,,,,,,,,,,,,,,,,,,,,,,,,,,,,,,,,,,,,,,,footway,,,,,,,,,,,,,,,,,,
way/110300891,,,,,,,,,,,,,,,,,,,,,,,,,,,,,,,,,,,,,,,,,dirt,,,,,,,,,,,,,,,,,,,,,,,,,,,,footway,,,intermediate,,,,,,,,,,,,,,,
way/110381575,,,,,,,,,,,,,,,,,,,,,,,,,,,,,,,,,,,,,,,,,gravel,,,,,,,,,,,,,,,,,,,,,,,,,,,,path,,,,,,,,,,,,,,,,,,
way/110381577,,,,,,,,,,,,,,,,,,,,,,,,,,,,,,,,,,,,,,,,,compacted,,,,,,,,,,,,,,,,,,,,,,,,,,,,path,,,,,,,,,,,,,,,,,,
way/110451868,,,,,,,,,,,,,,,,,,,,,,,,,,,,,,,,,,,,,,,,,fine_gravel,,,,,,,,,,,,,,,,,,,,,,,,,,,,path,,,,,,,,,,,,,,,,,,
way/110492977,,,,,,,,,,,,,,,,,,,,,,,,,,,,,,,,,,,,,,,,,fine_gravel,,,,,,,,,,,,,,,,,,,,,,,,,,,,footway,,,,,,,,,,,,,,,,,,
way/110492978,,,,,,,,,,,,,,,,,,,,,,,,,,,,,,,,,,,,,,,,,,,,,,,,,,,,,,,,,,,,,,,,,,,,,footway,,,,,,,,,,,,,,,,,,
way/110495852,,,,,,,,,,,,,,,,,,,,,,,,,,,,,,,,,,,,,,,,,dirt,,,,,,,,,,,,,,,,,,,,,,,,,,,,path,,,bad,,,,,,,,,,,,,,,
way/110496115,,,,,,,,,,,,,,,,,,,,,,,,,,,,,,,,,,,,,,,,,compacted,,,,,,,,,,,,,,,,,,,,,,,,,,,,footway,,,,,,,,,,,,,,,,,,
way/110496116,,,,,,,,,,,,,,,,,,,,,,,,,,,,,,,,,,,,,,,,,fine_gravel,,,,,,,,,,,,,,,,,,,,,,,,,,,,footway,,,intermediate,,,,,,,,,,,,,,,
way/111334063,,,,,,,,,,,,,,,,,,,,,,,,,,,,,,,,,,,,,,,,,,,,,,,,,,,,,,,,,,,,,,,,,,,,,path,,,,,,,,,,,,,,,,,,
way/111480787,,,,,,,,,,,,,,,,,,,,,,,,,,,,,,,,,,,,,,,,,,,,,,,,,,,,,,,,,,,,,,,,,,,,,steps,,,,,,,,,,,,,,,,,,
way/111480788,,,,,,,,,,,,,,,,,,,,,,,,,,,,,,,,,,,,,,,,,,,,,,,,,,,,,,,,,,,,,,,,,,,,,steps,,,,,,,,,,,,,,,,,,
way/111480943,,,,,,,,,,,,,,,,,,,,,,,,,,,,,,,,,,,,,,,,,fine_gravel,,,,,,,,,,,,,,,,,,,,,,,,,,,,footway,,,intermediate,,,,,,,,,,,,,,,
way/111634765,,,,,,,,,,,,,,,,,,,,,,,,,,,,,,,,,,,,,,,,,,,,,,,,,,,,,,,,,,,,,,,,,,,,,path,,,,,,,,,,,,,,,,,,
way/111636097,,,,,,,,,,,,,,,,,,,,,,,,,,,,,,,,,,,,,,,,,,,,,,,,,,,,,,,,,,,,,,,,,,,,,footway,,,,,,,,,,,,,,,,,,
way/111638067,,,,,,,,,,,,,,,,,,,,,,,,,,,,,,,,,,,,,,,,,,,,,,,,,,,,,,,,,,,,,,,,,,,,,path,,,,,,,,,,,,,,,,,,
way/112710385,,,,,,,,,,,,,,,,,,,,,,,,,,,,,,,,,,,,,,,,,,,,,,,,,,,,,,,,,,,,,,,,,,,,,path,,,,,,,,,,,,,,,,,,
way/112710386,,,,,,,,,,,,,,,,,,,,,,,,,,,,,,,,,,,,,,,,,,,,,,,,,,,,,,,,,,,,,,,,,,,,,footway,,,,,,,,,,,,,,,,,,
way/116947337,,,,,,,,,,,,,,,,,,,,,,,,,,,,,,,,,,,,,,,,,dirt,,,,,,,,,,,,,,,,,,,,,,,,,,,,footway,,,intermediate,,,,,,,,,,,,,,,
way/116947338,,,,,,,,,,,,,,,,,,,,,,,,,,,,,,,,,,,,,,,,,dirt,,,,,,,,,,,,,,,,,,,,,,,,,,,,footway,,,intermediate,,,,,,,,,,,,,,,
way/116947339,,,,,,,,,,,,,,,,,,,,,,,,,,,,,,,,,,,,,,,,,dirt,,,,,,,,,,,,,,,,,,,,,,,,,,,,footway,,,intermediate,,,,,,,,,,,,,,,
way/116947340,,,,,,,,,,,,,,,,,,,,,,,,,,,,,,,,,,,,,,,,,asphalt,,,,,,,,,,,,,,,,,,,,,,,,,,,,footway,,,,,,,,,,,,,,,,,,
way/116947341,,,,,,,,,,,,,,,,,,,,,,,,,,,,,,,,,,,,,,,,,fine_gravel,,,,,,,,,,,,,,,,,,,,,,,,,,,,footway,,,,,,,,,,,,,,,,,,
way/116947591,,,,,,,,,,,,,,,,,,,,,,,,,,,,,,,,,,,,,,,,,,,,,,,,,,,,,,,,,,,,,,,,,,,,,footway,,,,,,,,,,,,,,,,,,
way/116947592,,,,,,,,,,,,,,,,,,,,,,,,,,,,,,,,,,,,,,,,,fine_gravel,,,,,,,,,,,,,,,,,,,,,,,,,,,,footway,,,,,,,,,,,,,,,,,,
way/116947594,,,,,,,,,,,,,,,,,,,,,,,,,,,,,,,,,,,,,,,,,,,,,,,,,,,,,,,,,,,,,,,,,,,,,path,,,,,,,,,,,,,,,,,,
way/117968360,,,,,,,,,,,,,,,,,,,,,,,,,,,,,,,,,,,,,,,,,,,,,,,,,,,,,,,,,,,,,,,,,,,,,path,,,,,,,,,,,,,,,,,,
way/165514002,,,,,,,,,,,,,,,,,,,,,,,,,,,,,,,,,,,,,,,,,compacted,,,,,,,,,,,,,,,,,,,,,,,,,,yes,,footway,,,,,,,,,,,,,,,,,,
way/165514003,,,,,,,,,,,,,,,,,,,,,,,,,,,,,,,,,,,,,,,,,dirt,,,,,,,,,,,,,,,,,,,,,,,,,,,,footway,,,,,,,,,,,,,,,,,,
way/172857581,,,,,,,,,,,,,,,,,,,,,,,,,,,,,,,,,,,,,,,,,asphalt,,,,,,,,,,,,,,,,,,,,,,,,,,,,footway,,,,,,,,,,,,,,,,,,
way/181423907,,,,,,,,,,,,,,,,,,,,,,,,,,,,,,,,,,,,,,,,,asphalt,,,,,,,,,,,,,,,,,,,,,,,,,,yes,,footway,,,,,,,,,,,,,,,,,,
way/181425608,,,,,,,,,,,,,,,,,,,,,,,,,,,,,,,,,,,,,,,,,,,,,,,,,,,,,,,,,,,,,,,,,,,,,steps,,,,,,,,,,,,,,,,,,
way/181425609,,,,,,,,,,,,,,,,,,,,,,,,,,,,,,,,,,,,,,,,,,,,,,,,,,,,,,,,,,,,,,,,,,,,,footway,,,,,,,,,,,,,,,,,,
way/181426765,,,,,,,,,,,,,,,,,,,,,,,,,,,,,,,,,,,,,,,,,compacted,,,,,,,,,,,,,,,,,,,,,,,,,,,,footway,,,,,,,,,,,,,,,,,,
way/191761417,,,,,,,,,,,,,,,,,,,,,,,,,,,,,,,,,,,,,,,,,gravel,,,,,,,,,,,,,,,,,,,,,,,,,,,,footway,,,,,,,,,,,,,,,,,,
way/194544047,,,,,,,,,,,,,,,,,,,,,,,,,,,,,,,,,,,,,,,,,,,,,,,,,,,,,,,,,,,,,,,,,,,,,footway,,,,,,,,,,,,,,,,,,
way/222212068,,,,,,,,,,,,,,,,,,,,,,,,,,,,,,,,,,,,,,,,,asphalt,,,,,,,,,,,,,,,,,,,,,,,,,,yes,,footway,,,,,,,,,,,,,,,,,,
way/229573234,,,,,,,,,,,,,,,,,,,,,,,,,,,,,,,,,,,,,,,,,dirt,,,,,,,,,,,,,,,,,,,,,,,,,,,,path,,,,,,,,,,,,,,,,,,
way/229573294,,,,,,,,,,,,,,,,,,,,,,,,,,,,,,,,,,,,,,,,,compacted,,,,,,,,,,,,,,,,,,,,,,,,,,,,path,,,,,,,,,,,,,,,,,,
way/231025771,,,,,,,,,,,,,,,,,,,,,,,,,,,,,,,,,,,,,,,,,,,,,,,,,,,,,,,,,,,,,,,,,,,,,path,,,,,,,,,,,,,,,,,,
way/231025772,,,,,,,,,,,,,,,,,,,,,,,,,,,,,,,,,,,,,,,,,dirt,,,,,,,,,,,,,,,,,,,,,,,,,,no,,footway,,,intermediate,,,,,,,,,,,,,,,
way/231032961,,,,,,,,,,,,,,,,,,,,,,,,,,,,,,,,,,,,,,,,,fine_gravel,,,,,,,,,,,,,,,,,,,,,,,,,,,,footway,,,intermediate,,,,,,,,,,,,,,,
way/231032962,,,,,,,,,,,,,,,,,,,,,,,,,,,,,,,,,,,,,,,,,fine_gravel,,,,,,,,,,,,,,,,,,,,,,,,,,,,footway,,,intermediate,,,,,,,,,,,,,,,
way/231032963,,,,,,,,,,,,,,,,,,,,,,,,,,,,,,,,,,,,,,,,,fine_gravel,,,,,,,,,,,,,,,,,,,,,,,,,,,,path,,,intermediate,,,,,,,,,,,,,,,
way/231033012,,,,,,,,,,,,,,,,,,,,,,,,,,,,,,,,,,,,,,,,,,,,,,,,,,,,,,,,,,,,,,,,,,,,,footway,,,,,,,,,,,,,,,,,,
way/231033013,,,,,,,,,,,,,,,,,,,,,,,,,,,,,,,,,,,,,,,,,asphalt,,,,,,,,,,,,,,,,,,,,,,,,,,,,footway,,,,,,,,,,,,,,,,,,
way/231033334,,,,,,,,,,,,,,,,,,,,,,,,,,,,,,,,,,,,,,,,,,,,,,,,,,,,,,,,,,,,,,,,,,,,,footway,,,,,,,,,,,,,,,,,,
way/231033344,,,,,,,,,,,,,,,,,,,,,,,,,,,,,,,,,,,,,,,,,,,,,,,,,,,,,,,,,,,,,,,,,,,,,path,,,,,,,,,,,,,,,,,,
way/231033701,,,,,,,,,,,,,,,,,,,,,,,,,,,,,,,,,,,,,,,,,compacted,,,,,,,,,,,,,,,,,,,,,,,,,,,,footway,,,,,,,,,,,,,,,,,,
way/231033702,,,,,,,,,,,,,,,,,,,,,,,,,,,,,,,,,,,,,,,,,,,,,,,,,,,,,,,,,,,,,,,,,,,,,footway,,,,,,,,,,,,,,,,,,
way/231033703,,,,,,,,,,,,,,,,,,,,,,,,,,,,,,,,,,,,,,,,,fine_gravel,,,,,,,,,,,,,,,,,,,,,,,,,,,,footway,,,,,,,,,,,,,,,,,,
way/231034935,,,,,,,,,,,,,,,,,,,,,,,,,,,,,,,,,,,,,,,,,,,,,,,,,,,,,,,,,,,,,,,,,,,,,path,,,,,,,,,,,,,,,,,,
way/231034936,,,,,,,,,,,,,,,,,,,,,,,,,,,,,,,,,,,,,,,,,dirt,,,,,,,,,,,,,,,,,,,,,,,,,,,,path,,,intermediate,,,,,,,,,,,,,,,
way/233508639,,,,,,,,,,,,,,,,,,,,,,,,,,,,,,,,,,,,,,,,,asphalt,,,,,,,,,,,,,,,,,,,,,,,,,,,,footway,,,,,,,,,,,,,,,,,,
way/233508826,,,,,,,,,,,,,,,,,,,,,,,,,,,,,,,,,,,,,,,,,asphalt,,,,,,,,,,,,,,,,,,,,,,,,,,,,footway,,,,,,,,,,,,,,,,,,
way/233508888,,,,,,,,,,,,,,,,,,,,,,,,,,,,,,,,,,,,,,,,,asphalt,,,,,,,,,,,,,,,,,,,,,,,,,,,,footway,,,,,,,,,,,,,,,,,,
way/233509200,,,,,,,,,,,,,,,,,,,,,,,,,,,,,,,,,,,,,,,,,,,,,,,,,,,,,,,,,,,,,,,,,,,,,path,,,,,,,,,,,,,,,,,,
way/233509359,,,,,,,,,,,,,,,,,,,,,,,,,,,,,,,,,,,,,,,,,asphalt,,,,,,,,,,,,,,,,,,,,,,,,,,,,footway,,,,,,,,,,,,,,,,,,
way/367173806,,,,,,,,,,,,,,,,,,,,,,,,,,,,,,,,,,,,,,,,,unpaved,,,,,,,,,,,,,,,,,,,,,,,,,,,,footway,,,,,,,,,,,,,,,,,,
way/372618017,,,,,,,,,,,,,,,,,,,,,,,,,,,,,,,,,,,,,,,,,,,,,,,,,,,,,,,,,,,,,,,,,,,,,,,,,,,,,fence,,,,,,,,,,
way/372618023,,,,,,,,,,,,,,,,,,,,,,,,,,,,,,,,,,,,,,,,,,,,,,,,,,,,,,,,,,,,,,,,,,,,,footway,,,,,,,,,,,,,,,,,,
way/372618028,,,,,,,,,,,,,,,,,,,,,,,,,,,,,,,,,,,,,,,,,,,,,,,,,,,,,,,,,,,,,,,,,,,,,footway,,,,,,,,,,,,,,,,,,
way/372618030,,,,,,,,,,,,,,,,,,,,,,,,,,,,,,,,,,,,,,,,,,,,,,,,,,,,,,,,,,,,,,,,,,,,,footway,,,,,,,,,,,,,,,,,,
way/372618031,,,,,,,,,,,,,,,,,,,,,,,,,,,,,,,,,,,,,,,,,,,,,,,,,,,,,,,,,,,,,,,,,,,,,footway,,,,,,,,,,,,,,,,,,
way/372618032,,,,,,,,,,,,,,,,,,,,,,,,,,,,,,,,,,,,,,,,,,,,,,,,,,,,,,,,,,,,,,,,,,,,,steps,,,,,,,,,,,,,,,,,,
way/372618033,,,,,,,,,,,,,,,,,,,,,,,,,,,,,,,,,,,,,,,,,,,,,,,,,,,,,,,,,,,,,,,,,,,,,steps,,,,,,,,,,,,,,,,,,
way/372681605,,,,,,,,,,,,,,,,,,,,,no,,,,,,,,,,,,,,,,,,,,,,,,,,,,,,,,,,,,,-1,,,,,,,,,,,,drain,,,,,culvert,,,,,,,,,,,,
way/422781233,,,,,,,,,,,,,,,,,,,,,,,,,,,,,,,,,,,,,,,,,asphalt,,,,,,,,,,,,,,,,,,,,,,,,,,yes,,footway,,,,,,,,,,,,,,,,,,
way/422783193,,,,,,,,,,,,,,,,,,,,,,,,,,,,,,,,,,,,,,,,,,,,,,,,,,,,,,,,,,,,,,,,,,,,,path,,,,,,,,,,,,,,,,,,
way/537693102,,,,,,,,,,,,,,,,,,,,,,,,,,,,,,,,,,,,,,,,,,,,,,,,,,,,,,,,,,,,,,,,,,,,,steps,,,,,,,,,,,,,,,,,,
way/537693103,,,,,,,,,,,,,,,,,,,,,,,,,,,,,,,,,,,,,,,,,,,,,,,,,,,,,,,,,,,,,,,,,,,,,steps,,,,,,,,,,,,,,,,,,
way/549549545,,,,,,,,,,,,,,,,,,,,,,,,,,,,,,,,,,,,,,,,,gravel,,,,,,,,,,,,,,,,,,,,,,,,,,,,footway,,,,,,,,,,,,,,,,,,
way/549549549,,,,,,,,,,,,,,,,,,,,,,,,,,,,,,,,,,,,,,,,,asphalt,,,,,,,,,,,,,,,,,1,,,,,,,,,yes,,footway,,yes,,,,,,,sidewalk,,,,,,,,,
way/549549550,,,,,,,,,,,,,,,,,,,,,,,,,,,,,,,,,,,,,,,,,asphalt,,,,,,,,,,,,,,,,,,,,,,,,,,yes,,footway,,,,,,,,,sidewalk,,,,,,,,,
way/549549552,,,,,,,,,,,,,,,,,,,,,,,,,,,,,,,,,,,,,,,,,asphalt,,,,,,,,,,,,,,,,,1,,,,,,,,,yes,,footway,,yes,,,,,,,sidewalk,,,,,,,,,
way/549549553,,,,,,,,,,,,,,,,,,,,,,,,,,,,,,,,,,,,,,,,,asphalt,,,,,,,,,,,,,,,,,,,,,,,,,,yes,,footway,,,,,,,,,sidewalk,,,,,,,,,
way/549549559,,,,,,,,,,,,,,,,,,,,,,,,,,,,,,,,,,,,,,,,,asphalt,,,,,,,,,,,,,,,,,,,,,,,,,,,,footway,,,,,,,,,,,,,,,,,,
way/549549560,,,,,,,,,,,,,,,,,,,,,,,,,,,,,,,,,,,,,,,,,asphalt,,,,,,,,,,,,,,,,,,,,,,,,,,,,footway,,,,,,,,,,,,,,,,,,
way/549549563,,,,,,,,,,,,,,,,,,,,,,,,,,,,,,,,,,,,,,,,,asphalt,,,,,,,,,,,,,,,,,1,,,,,,,,,,,construction,,yes,,,,,,,sidewalk,,,,,,,,,
way/549549566,,,,,,,,,,,,,,,,,,,,,,,,,,,,,,,,,,,,,,,,,asphalt,,,,,,,,,,,,,,,,,1,,,,,,,,,,,construction,,yes,,,,,,,sidewalk,,,,,,,,,
way/628591644,,,,,,,,,,,,,,,,,,,,,,,,,,,,,,,,,,,,,,,,,fine_gravel,,,,,,,,,,,,,,,,,,,,,,,,,,,,path,,,,,,,,,,,,,,,,,,
way/702920334,,,,,,,,,,,,,,,,,,,,,,,,,,,,,,,,,,,,,,,,,asphalt,,,,,,,,,,,,,,,,,,,,,,,,,,,,footway,,,,,,,,,,,,,,,,,,
way/702920337,,,,,,,,,,,,,,,,,,,,,,,,,,,,,,,,,,,,,,,,,asphalt,,,,,,,,,,,,,,,,,,,,,,,,,,,,footway,,,,,,,,,,,,,,,,,,
way/702920338,,,,,,,,,,,,,,,,,,,,,,,,,,,,,,,,,,,,,,,,,asphalt,,,,,,,,,,,,,,,,,,,,,,,,,,,,footway,,,,,,,,,,,,,,,,,,
way/702920339,,,,,,,,,,,,,,,,,,,,,,,,,,,,,,,,,,,,,,,,,,,,,,,,,,,,,,,,,,,,,,,,,,,,,footway,,,,,,,,,,,,,,,,,,
way/702920340,,,,,,,,,,,,,,,,,,,,,,,,,,,,,,,,,,,,,,,,,,,,,,,,,,,,,,,,,,,,,,,,,,,,,footway,,,,,,,,,,,,,,,,,,
way/702920353,,,,,,,,,,,,,,,,,,,,,,,,,,,,,,,,,,,,,,,,,asphalt,,,,,,,,,,,,,,,,,,,,,,,,,,,,footway,,,,,,,,,,,,,,,,,,
way/717782204,,,,,,,,,,,,,,,,,,,,,,,,,,,,,,,,,,,,,,,,,,,,,,,,,,,,,,,,,,,,,,,,,,,,,path,,,,,,,,,,,,,,,,,,
way/717782205,,,,,,,,,,,,,,,,,,,,,,,,,,,,,,,,,,,,,,,,,,,,,,,,,,,,,,,,,,,,,,,,,,,,,path,,,,,,,,,,,,,,,,,,
way/717782208,,,,,,,,,,,,,,,,,,,,,,,,,,,,,,,,,,,,,,,,,compacted,,,,,,,,,,,,,,,,,,,,,,,,,,,,footway,,,,,,,,,,,,,,,,,,
way/717782209,,,,,,,,,,,,,,,,,,,,,,,,,,,,,,,,,,,,,,,,,wood,,,,,,,,,,,,,,,,,1,,,,,,,,,,,footway,,yes,,,,,,,,,,,,,,,,
way/717782211,,,,,,,,,,,,,,,,,,,,,,,,,,,,,,,,,,,,,,,,,,,,,,,,,,,,,,,,,,,,,,,,,,,,,footway,,,,,,,,,,,,,,,,,,
way/717782212,,,,,,,,,,,,,,,,,,,,,,,,,,,,,,,,,,,,,,,,,,,,,,,,,,,,,,,,,,,,,,,,,,,,,footway,,,,,,,,,,,,,,,,,,
way/717782213,,,,,,,,,,,,,,,,,,,,,,,,,,,,,,,,,,,,,,,,,,,,,,,,,,,,,,,,,,,,,,,,,,,,,,,,,,,,,fence,,,,,,,,,,
way/717782215,,,,,,,,,,,,,,,,,,,,,,,,,,,,,,,,,,,,,,,,,,,,,,,,,,,,,,,,,,,,,,,,,,,,,footway,,,,,,,,,,,,,,,,,,
way/717782217,,,,,,,,,,,,,,,,,,,,,,,,,,,,,,,,,,,,,,,,,,,,,,,,,,,,,,,,,,,,,,,,,,,,,footway,,,,,,,,,,,,,,,,,,
way/717881698,,,,,,,,,,,,,,,,,,,,,,,,,,,,,,,,,,,,,,,,,,,,,,,,,,,,,,,,,,,,,,,,,,,,,footway,,,,,,,,,,,,,,,,,,
way/717881699,,,,,,,,,,,,,,,,,,,,,,,,,,,,,,,,,,,,,,,,,paving_stones,,,,,,,,,,,,,,,,,,,,,,,,,,,,footway,,,,,,,,,,,,,,,,,,
way/717881700,,,,,,,,,,,,,,,,,,,,,,,,,,,,,,,,,,,,,,,,,fine_gravel,,,,,,,,,,,,,,,,,,,,,,,,,,,,footway,,,intermediate,,,,,,,,,,,,,,,
way/717881702,,,,,,,,,,,,,,,,,,,,,,,,,,,,,,,,,,,,,,,,,,,,,,,,,,,,,,,,,,,,,,,,,,,,,footway,,,,,,,,,,,,,,,,,,
way/717881703,,,,,,,,,,,,,,,,,,,,,,,,,,,,,,,,,,,,,,,,,,,,,,,,,,,,,,,,,,,,,,,,,,,,,footway,,,,,,,,,,,,,,,,,,
way/717881704,,,,,,,,,,,,,,,,,,,,,,,,,,,,,,,,,,,,,,,,,asphalt,,,,,,,,,,,,,,,,,,,,,,,,,,,,footway,,,,,,,,,,,,,,,,,,
way/717881705,,,,,,,,,,,,,,,,,,,,,,,,,,,,,,,,,,,,,,,,,asphalt,,,,,,,,,,,,,,,,,,,,,,,,,,,,footway,,,,,,,,,,,,,,,,,,
way/717881706,,,,,,,,,,,,,,,,,,,,,,,,,,,,,,,,,,,,,,,,,asphalt,,,,,,,,,,,,,,,,,,,,,,,,,,,,footway,,,,,,,,,,yes,,,,,,,,
way/717881707,,,,,,,,,,,,,,,,,,,,,,,,,,,,,,,,,,,,,,,,,asphalt,,,,,,,,,,,,,,,,,,,,,,,,,,,,footway,,,,,,,,,,,,,,,,,,
way/717881710,,,,,,,,,,,,,,,,,,,,,,,,,,,,,,,,,,,,,,,,,dirt,,,,,,,,,,,,,,,,,,,,,,,,,,,,footway,,,intermediate,,,,,,,,,,,,,,,
way/718932107,,,,,,,,,,,,,,,,,,,,,,,,,,,,,,,,,,,,,,,,,,,,,,,,,,,,,,,,,,,,,,,,,,,,,path,,,,,,,,,,,,,,,,,,
way/718932109,,,,,,,,,,,,,,,,,,,,,,,,,,,,,,,,,,,,,,,,,dirt,,,,,,,,,,,,,,,,,,,,,,,,,,,,footway,,,intermediate,,,,,,,,,,,,,,,
way/718932110,,,,,,,,,,,,,,,,,,,,,,,,,,,,,,,,,,,,,,,,,,,,,,,,,,,,,,,,,,,,,,,,,,,,,,,,,,,,,fence,,,,,,,,,,
way/718932112,,,,,,,,,,,,,,,,,,,,,,,,,,,,,,,,,,,,,,,,,paving_stones,,,,,,,,,,,,,,,,,,,,,,,,,,,,footway,,,,,,,,,,,,,,,,,,
way/718932113,,,,,,,,,,,,,,,,,,,,,,,,,,,,,,,,,,,,,,,,,,,,,,,,,,,,,,,,,,,,,,,,,,,,,,,,,,,,,fence,,,,,,,,,,
way/736544123,,,,,,,,,,,,,,,,,,,,,,,,,,,,,,,,,,,,,,,,,,,,,,,,,,,,,,,,,,,,,,,,,,,,,,,,,,,,,fence,,,,,,,,,,
way/736544125,,,,,,,,,,,,,,,,,,,,,,,,,,,,,,,,,,,,,,,,,,,,,,,,,,,,,,,,,,,,,,,,,,,,,footway,,,,,,,,,,,,,,,,,,
way/736544127,,,,,,,,,,,,,,,,,,,,,,,,,,,,,,,,,,,,,,,,,,,,,,,,,,,,,,,,,,,,,,,,,,,,,path,,,,,,,,,,,,,,,,,,
way/736544130,,,,,,,,,,,,,,,,,,,,,,,,,,,,,,,,,,,,,,,,,,,,,,,,,,,,,,,,,,,,,,,,,,,,,,,,,,,,,fence,,,,,,,,,,
way/736544132,,,,,,,,,,,,,,,,,,,,,,,,,,,,,,,,,,,,,,,,,,,,,,,,,,,,,,,,,,,,,,,,,,,,,footway,,,,,,building_passage,,,,,,,,,,,,
way/736544133,,,,,,,,,,,,,,,,,,,,,,,,,,,,,,,,,,,,,,,,,,,,,,,,,,,,,,,,,,,,,,,,,,,,,,,,,,,,,fence,,,,,,,,,,
way/736544135,,,,,,,,,,,,,,,,,,,,,,,,,,,,,,,,,,,,,,,,,,,,,,,,,,,,,,,,,,,,,,,,,,,,,,,,,,,,,fence,,,,,,,,,,
way/736544139,,,,,,,,,,,,,,,,,,,,,,,,,,,,,,,,,,,,,,,,,,,,,,,,,,,,,,,,,,,,,,,,,,,,,footway,,,,,,,,,,,,,,,,,,
way/736544141,,,,,,,,,,,,,,,,,,,,,,,,,,,,,,,,,,,,,,,,,,,,,,,,,,,,,,,,,,,,,,,,,,,,,,,,,,,,,fence,,,,,,,,,,
way/736544142,,,,,,,,,,,,,,,,,,,,,,,,,,,,,,,,,,,,,,,,,,,,,,,,,,,,,,,,,,,,,,,,,,,,,,,,,,,,,fence,,,,,,,,,,
way/736544145,,,,,,,,,,,,,,,,,,,,,,,,,,,,,,,,,,,,,,,,,,,,,,,,,,,,,,,,,,,,,,,,,,,,,footway,,,,,,,,,,,,,,,,,,
way/736544146,,,,,,,,,,,,,,,,,,,,,,,,,,,,,,,,,,,,,,,,,,,,,,,,,,,,,,,,,,,,,,,,,,,,,,,,,,,,,fence,,,,,,,,,,
way/736544147,,,,,,,,,,,,,,,,,,,,,,,,,,,,,,,,,,,,,,,,,,,,,,,,,,,,,,,,,,,,,,,,,,,,,,,,,,,,,fence,,,,,,,,,,
way/736544148,,,,,,,,,,,,,,,,,,,,,,,,,,,,,,,,,,,,,,,,,,,,,,,,,,,,,,,,,,,,,,,,,,,,,footway,,,,,,,,,,,,,,,,,,
way/737907890,,,,,,,,,,,,,,,,,,,,,,,,,,,,,,,,,,,,,,,,,asphalt,,,,,,,,,,,,,,,,,,,,,,,,,,yes,,footway,,,,,,,,,,,,,,,,,,
way/737907891,,,,,,,,,,,,,,,,,,,,,,,,,,,,,,,,,,,,,,,,,,,,,,,,,,,,,,,,,,,,,,,,,,,,,footway,,,,,,,,,,,,,,,,,,
way/737907892,,,,,,,,,,,,,,,,,,,,,,,,,,,,,,,,,,,,,,,,,compacted,,,,,,,,,,,,,,,,,,,,,,,,,,,,path,,,,,,,,,,,,,,,,,,
way/737907893,,,,,,,,,,,,,,,,,,,,,,,,,,,,,,,,,,,,,,,,,,,,,,,,,,,,,,,,,,,,,,,,,,,,,,ditch,,,,,,,,,,,,,,,,,
way/737907894,,,,,,,,,,,,,,,,,,,,,,,,,,,,,,,,,,,,,,,,,,,,,,,,,,,,,,,,,,,,,,,,,,,,,,ditch,,,,,,,,,,,,,,,,,
way/737907895,,,,,,,,,,,,,,,,,,,,,,,,,,,,,,,,,,,,,,,,,,,,,,,,,,,,,,,,,,,,,,,,,,,,,path,,,,,,,,,,,,,,,,,,
way/737907896,,,,,,,,,,,,,,,,,,,,,,,,,,,,,,,,,,,,,,,,,,,,,,,,,,,,,,,,,,,,,,,,,,,,,,ditch,,,,,,,,,,,,,,,,,
way/737907897,,,,,,,,,,,,,,,,,,,,,,,,,,,,,,,,,,,,,,,,,,,,,,,,,,,,,,,,,,,,,,,,,,,,,,ditch,,,,,,,,,,,,,,,,,
way/737907899,,,,,,,,,,,,,,,,,,,,,,,,,,,,,,,,,,,,,,,,,,,,,,,,,,,,,,,,,,,,,,,,,,,,,,ditch,,,,,,,,,,,,,,,,,
way/737907900,,,,,,,,,,,,,,,,,,,,,,,,,,,,,,,,,,,,,,,,,,,,,,,,,,,,,,,,,,,,,,,,,,,,,,ditch,,,,,,,,,,,,,,,,,
way/738578584,,,,,,,,,,,,,,,,,,,,,,,,,,,,,,,,,,,,,,,,,,,,,,,,,,,,,,,,,,,,,,,,,,,,,path,,,,,,,,,,,,,,,,,,
way/738578585,,,,,,,,,,,,,,,,,,,,,,,,,,,,,,,,,,,,,,,,,fine_gravel,,,,,,,,,,,,,,,,,,,,,,,,,,,,footway,,,,,,,,,,,,,,,,,,
way/738578586,,,,,,,,,,,,,,,,,,,,,,,,,,,,,,,,,,,,,,,,,,,,,,,,,,,,,,,,,,,,,,,,,,,,,,,,,,,,,fence,,,,,,,,,,
way/738578587,,,,,,,,,,,,,,,,,,,,,,,,,,,,,,,,,,,,,,,,,fine_gravel,,,,,,,,,,,,,,,,,,,,,,,,,,,,footway,,,,,,,,,,,,,,,,,,
way/738578588,,,,,,,,,,,,,,,,,,,,,,,,,,,,,,,,,,,,,,,,,,,,,,,,,,,,,,,,,,,,,,,,,,,,,,ditch,,,,,,,,,,,,,,,,,
way/738578589,,,,,,,,,,,,,,,,,,,,,,,,,,,,,,,,,,,,,,,,,fine_gravel,,,,,,,,,,,,,,,,,,,,,,,,,,,,path,,,,,,,,,,,,,,,,,,
way/738578590,,,,,,,,,,,,,,,,,,,,,,,,,,,,,,,,,,,,,,,,,,,,,,,,,,,,,,,,,,,,,,,,,,,,,,,,,,,,,fence,,,,,,,,,,
way/738578591,,,,,,,,,,,,,,,,,,,,,,,,,,,,,,,,,,,,,,,,,,,,,,,,,,,,,,,,,,,,,,,,,,,,,,ditch,,,,,,,,,,,,,,,,,
way/738578592,,,,,,,,,,,,,,,,,,,,,,,,,,,,,,,,,,,,,,,,,,,,,,,,,,,,,,,,,,,,,,,,,,,,,footway,,,,,,,,,,,,,,,,,,
way/738578594,,,,,,,,,,,,,,,,,,,,,,,,,,,,,,,,,,,,,,,,,,,,,,,,,,,,,,,,,,,,,,,,,,,,,footway,,,,,,,,,,,,,,,,,,
way/738578595,,,,,,,,,,,,,,,,,,,,,,,,,,,,,,,,,,,,,,,,,,,,,,,,,,,,,,,,,,,,,,,,,,,,,path,,,,,,,,,,,,,,,,,,
way/738578596,,,,,,,,,,,,,,,,,,,,,,,,,,,,,,,,,,,,,,,,,,,,,,,,,,,,,,,,,,,,,,,,,,,,,,ditch,,,,,,,,,,,,,,,,,
way/738578597,,,,,,,,,,,,,,,,,,,,,,,,,,,,,,,,,,,,,,,,,fine_gravel,,,,,,,,,,,,,,,,,,,,,,,,,,,,footway,,,,,,,,,,,,,,,,,,
way/738578599,,,,,,,,,,,,,,,,,,,,,,,,,,,,,,,,,,,,,,,,,,,,,,,,,,,,,,,,,,,,,,,,,,,,,footway,,,,,,,,,,,,,,,,,,
way/738578600,,,,,,,,,,,,,,,,,,,,,,,,,,,,,,,,,,,,,,,,,,,,,,,,,,,,,,,,,,,,,,,,,,,,,,ditch,,,,,,,,,,,,,,,,,
way/738578601,,,,,,,,,,,,,,,,,,,,,,,,,,,,,,,,,,,,,,,,,,,,,,,,,,,,,,,,,,,,,,,,,,,,,,,,,,,,,fence,,,,,,,,,,
way/738578602,,,,,,,,,,,,,,,,,,,,,,,,,,,,,,,,,,,,,,,,,,,,,,,,,,,,,,,,,,,,,,,,,,,,,,ditch,,,,,,,,,,,,,,,,,
way/738578603,,,,,,,,,,,,,,,,,,,,,,,,,,,,,,,,,,,,,,,,,,,,,,,,,,,,,,,,,,,,,,,,,,,,,path,,,,,,,,,,,,,,,,,,
way/738578604,,,,,,,,,,,,,,,,,,,,,,,,,,,,,,,,,,,,,,,,,,,,,,,,,,,,,,,,,,,,,,,,,,,,,,,,,,,,,fence,,,,,,,,,,
way/738578605,,,,,,,,,,,,,,,,,,,,,,,,,,,,,,,,,,,,,,,,,,,,,,,,,,,,,,,,,,,,,,,,,,,,,,ditch,,,,,,,,,,,,,,,,,
way/739448360,,,,,,,,,,,,,,,,,,,,,,,,,,,,,,,,,,,,,,,,,,,,,,,,,,,,,,,,,,,,,,,,,,,,,footway,,,,,,,,,,,,,,,,,,
way/739448361,,,,,,,,,,,,,,,,,,,,,,,,,,,,,,,,,,,,,,,,,,,,,,,,,,,,,,,,,,,,,,,,,,,,,footway,,,,,,building_passage,,,,,,,,,,,,
way/739448362,,,,,,,,,,,,,,,,,,,,,,,,,,,,,,,,,,,,,,,,,,,,,,,,,,,,,,,,,,,,,,,,,,,,,footway,,,,,,,,,,,,,,,,,,
way/860600716,,,,,,,,,,,,,,,,,,,,,,,,,,,,,,,,,,,,,,,,,asphalt,,,,,,,,,,,,,,,,,,,,,,,,,,,,footway,,,,,,,,,,,,,,,,,,
way/907143564,,,,,,,,,,,,,,,,,,,,,,,,,,,,,,,,,,,,,,,,,,,,,,,,,,,,,,,,,,,,,,,,,,,,,,,,,,,,,fence,,,,,,,,,,
way/1015931356,,,,,,,,,,,,,,,,,,,,,,,,,,,,,,,,,,,,,,,,,,,,,,,,,,,,,,,,,,,,,,,,,,,,,footway,,,,,,,,,,,,,,,,,,
way/1015931357,,,,,,,,,,,,,,,,,,,,,,,,,,,,,,,,,,,,,,,,,,,,,,,,,,,,,,,,,,,,,,,,,,,,,path,,,,,,,,,,,,,,,,,,
way/1015931358,,,,,,,,,,,,,,,,,,,,,,,,,,,,,,,,,,,,,,,,,compacted,,,,,,,,,,,,,,,,,,,,,,,,,,,,path,,,,,,,,,,,,,,,,,,
way/1015931359,,,,,,,,,,,,,,,,,,,,,,,,,,,,,,,,,,,,,,,,,,,,,,,,,,,,,,,,,,,,,,,,,,,,,footway,,,,,,,,,,,,,,,,,,
way/1015931360,,,,,,,,,,,,,,,,,,,,,,,,,,,,,,,,,,,,,,,,,,,,,,,,,,,,,,,,,,,,,,,,,,,,,path,,,,,,,,,,,,,,,,,,
way/1052669397,,,,,,,,,,,,,,,,,,,,,,,,,,,,,,,,,,,,,,,,,,,,,,,,,,,,,,,,,,,,,,,,,,,,,path,,,,,,,,,,,,,,,,,,
way/1052669398,,,,,,,,,,,,,,,,,,,,,,,,,,,,,,,,,,,,,,,,,,,,,,,,,,,,,,,,,,,,,,,,,,,,,footway,,,,,,,,,,,,,,,,,,
way/1052669399,,,,,,,,,,,,,,,,,,,,,,,,,,,,,,,,,,,,,,,,,dirt,,,,,,,,,,,,,,,,,,,,,,,,,,yes,,footway,,,intermediate,,,,,,,,,,,,,,,
way/1052669400,,,,,,,,,,,,,,,,,,,,,,,,,,,,,,,,,,,,,,,,,,,,,,,,,,,,,,,,,,,,,,,,,,,,,path,,,,,,,,,,,,,,,,,,
way/1052669401,,,,,,,,,,,,,,,,,,,,,,,,,,,,,,,,,,,,,,,,,,,,,,,,,,,,,,,,,,,,,,,,,,,,,path,,,,,,,,,,,,,,,,,,
way/1052669402,,,,,,,,,,,,,,,,,,,,,,,,,,,,,,,,,,,,,,,,,,,,,,,,,,,,,,,,,,,,,,,,,,,,,path,,,,,,,,,,,,,,,,,,
way/907014583,,,,,,,,,,,,,,,,,,,,,,,,,,,,,,,,,,,,,,,,,,,,,,,,,,,,,,,,,,,,,,,,,,,,"[{'role': 'outer', 'rel': 1445800, 'reltags': {'leisure': 'park', 'name': 'Центральный парк культуры и отдыха имени С. М. Кирова', 'type': 'multipolygon', 'wikidata': 'Q4504340', 'wikipedia': 'ru:Центральный парк культуры и отдыха имени С. М. Кирова'}}, {'role': 'outer', 'rel': 1576173, 'reltags': {'natural': 'water', 'type': 'multipolygon', 'water': 'river'}}, {'role': 'outer', 'rel': 1576343, 'reltags': {'name': 'Елагин остров', 'name:de': 'Jelagin-Insel', 'name:en': 'Yelagin Island', 'name:fi': 'Mistulasaari', 'name:fr': 'Île Yelagin', 'name:ru': 'Елагин остров', 'place': 'island', 'type': 'multipolygon', 'wikidata': 'Q4174533', 'wikipedia': 'ru:Елагин остров'}}, {'role': 'outer', 'rel': 2965059, 'reltags': {'boundary': 'protected_area', 'law': 'постановление Правительства Санкт-Петербурга № 647 от 26.06.2012 «О памятнике природы регионального значения „Елагин остров“»', 'leisure': 'nature_reserve', 'name': 'памятник природы «Елагин остров»', 'name:en': 'Yelagin Island natural monument', 'protect_class': '3', 'protection_title': 'памятник природы регионального значения', 'type': 'multipolygon'}}]",,,,,,,,,retaining_wall,,,1,concrete,,,,,,
way/111480789,,,,,,Западная стрелка,,,,,,,,slipway,,,,,,,,,,,yes,,,,,,,,,,,,,,,,,,,,,,,,,,,,,,,,,,,,,,,,,,,"[{'role': 'outer', 'rel': 1568851, 'reltags': {'area:highway': 'footway', 'type': 'multipolygon'}}]",,,,,,,,,,,,,,,,,,,
way/111480790,,,,,,,,,,,,,,,,,,,,,,,,,,,,,,,,,,,,,,,,,,,,,,,,,,,,,,,,,,,,,,,,,,,,"[{'role': 'outer', 'rel': 1568851, 'reltags': {'area:highway': 'footway', 'type': 'multipolygon'}}]",,,,,,,,,,,,,,yes,,,,,
way/78518204,,,,,,Большая Невка,Große Newka,Great Nevka,Grande Nevka,Большая Невка,,,,,Q3648807,ru:Большая Невка,,,,,yes,,,,,,,,,,,,,administrative,,,,,,,,,,,,,,,,,,,,,,,,,,,,,,,,,,"[{'role': 'outer', 'rel': 1114905, 'reltags': {'addr:country': 'RU', 'addr:region': 'Санкт-Петербург', 'admin_level': '5', 'boundary': 'administrative', 'name': 'Петроградский район', 'name:de': 'Petrograder Rajon', 'name:en': 'Petrogradsky District', 'name:pl': 'rejon pietrogradski', 'name:ru': 'Петроградский район', 'type': 'boundary', 'url': 'http://www.gov.spb.ru/law?d&nd=8414528&nh=0&header=010000002L01#I0', 'wikidata': 'Q270196', 'wikipedia': 'ru:Петроградский район'}}, {'role': 'outer', 'rel': 1115367, 'reltags': {'addr:country': 'RU', 'addr:region': 'Санкт-Петербург', 'admin_level': '5', 'boundary': 'administrative', 'name': 'Приморский район', 'name:pl': 'rejon primorski', 'name:ru': 'Приморский район', 'old_name': 'Ждановский район', 'type': 'boundary', 'url': 'http://www.gov.spb.ru/law?d&nd=8414528&nh=0&header=010000003B01#I0', 'wikidata': 'Q1268519', 'wikipedia': 'ru:Приморский район (Санкт-Петербург)'}}, {'role': 'outer', 'rel': 1187392, 'reltags': {'addr:country': 'RU', 'addr:region': 'Санкт-Петербург', 'admin_level': '8', 'boundary': 'administrative', 'name': 'округ Чкаловское', 'official_name': 'муниципальный округ Чкаловское', 'official_status': 'ru:внутригородская территория города федерального значения', 'type': 'boundary', 'url': 'http://www.gov.spb.ru/law?d&nd=8414528&nh=0&header=010000003101#I0', 'website': 'http://mo-chkalovskoe.ru', 'wikidata': 'Q4516907', 'wikipedia': 'ru:Чкаловское (муниципальный округ)'}}, {'role': 'outer', 'rel': 1201772, 'reltags': {'addr:country': 'RU', 'addr:region': 'Санкт-Петербург', 'admin_level': '8', 'boundary': 'administrative', 'name': 'округ Ланское', 'official_name': 'муниципальный округ Ланское', 'official_status': 'ru:внутригородская территория города федерального значения', 'oktmo': '40323000', 'oktmo:user': '40323000', 'old_name': 'округ Чёрная речка', 'ref': '66', 'type': 'boundary', 'website': 'http://округчернаяречка.рф', 'wikidata': 'Q4518678', 'wikipedia': 'ru:Ланское'}}, {'role': 'under', 'rel': 1625706, 'reltags': {'bridge': 'movable', 'bridge:movable': 'bascule', 'name': 'Ушаковский мост', 'old_name': 'Строгановский мост', 'type': 'bridge'}}, {'role': 'side_stream', 'rel': 2811903, 'reltags': {'gvr:code': '01040300312102000008487', 'name': 'Нева', 'name:ca': 'Riu Nevà', 'name:de': 'Newa', 'name:en': 'Neva River', 'name:fa': 'رودخانه نوا', 'name:ru': 'Нева', 'type': 'waterway', 'waterway': 'river', 'wikidata': 'Q645', 'wikipedia': 'ru:Нева'}}]",,river,,,,,,,,,,,,,5,01040300312002000008497,yes,,
way/4461337,,,,,,2-й Елагин мост,,,,,,,,,,,,,,,,,,,,,,,,,,,,,,,,,,,wood,,,,,,,,,,,,,,,,,1,,,,,,,,,yes,"[{'role': 'across', 'rel': 5633666, 'reltags': {'name': '2-й Елагин мост', 'type': 'bridge'}}]",footway,,yes,,,,,,,,,,,,,,,,
way/112175865,,,,,,,,,,,,,,,,,,,,,,,,,,,,,,,,,,,,,,,,,,,,,,,,,,,,,,,,,,,,,,,,,,,,"[{'role': 'outer', 'rel': 1445800, 'reltags': {'leisure': 'park', 'name': 'Центральный парк культуры и отдыха имени С. М. Кирова', 'type': 'multipolygon', 'wikidata': 'Q4504340', 'wikipedia': 'ru:Центральный парк культуры и отдыха имени С. М. Кирова'}}, {'role': 'outer', 'rel': 1576175, 'reltags': {'boat': 'yes', 'name': 'Средняя Невка', 'name:en': 'Srednaya Nevka', 'name:ru': 'Средняя Невка', 'natural': 'water', 'type': 'multipolygon', 'water': 'river'}}, {'role': 'outer', 'rel': 1576343, 'reltags': {'name': 'Елагин остров', 'name:de': 'Jelagin-Insel', 'name:en': 'Yelagin Island', 'name:fi': 'Mistulasaari', 'name:fr': 'Île Yelagin', 'name:ru': 'Елагин остров', 'place': 'island', 'type': 'multipolygon', 'wikidata': 'Q4174533', 'wikipedia': 'ru:Елагин остров'}}, {'role': 'outer', 'rel': 2965059, 'reltags': {'boundary': 'protected_area', 'law': 'постановление Правительства Санкт-Петербурга № 647 от 26.06.2012 «О памятнике природы регионального значения „Елагин остров“»', 'leisure': 'nature_reserve', 'name': 'памятник природы «Елагин остров»', 'name:en': 'Yelagin Island natural monument', 'protect_class': '3', 'protection_title': 'памятник природы регионального значения', 'type': 'multipolygon'}}]",,,,,,,,,retaining_wall,,,1,concrete,,,,,,
way/112176698,,,,,,,,,,,,,,,,,,,,,,,,,,,,,,,,,,,,,,,,,,,,,,,,,,,,,,,,,,,,,,,,,,,,"[{'role': 'outer', 'rel': 1445800, 'reltags': {'leisure': 'park', 'name': 'Центральный парк культуры и отдыха имени С. М. Кирова', 'type': 'multipolygon', 'wikidata': 'Q4504340', 'wikipedia': 'ru:Центральный парк культуры и отдыха имени С. М. Кирова'}}, {'role': 'outer', 'rel': 1576183, 'reltags': {'natural': 'water', 'type': 'multipolygon', 'water': 'river'}}, {'role': 'outer', 'rel': 1576343, 'reltags': {'name': 'Елагин остров', 'name:de': 'Jelagin-Insel', 'name:en': 'Yelagin Island', 'name:fi': 'Mistulasaari', 'name:fr': 'Île Yelagin', 'name:ru': 'Елагин остров', 'place': 'island', 'type': 'multipolygon', 'wikidata': 'Q4174533', 'wikipedia': 'ru:Елагин остров'}}, {'role': 'outer', 'rel': 2965059, 'reltags': {'boundary': 'protected_area', 'law': 'постановление Правительства Санкт-Петербурга № 647 от 26.06.2012 «О памятнике природы регионального значения „Елагин остров“»', 'leisure': 'nature_reserve', 'name': 'памятник природы «Елагин остров»', 'name:en': 'Yelagin Island natural monument', 'protect_class': '3', 'protection_title': 'памятник природы регионального значения', 'type': 'multipolygon'}}]",,,,,,,,,retaining_wall,,,,,,,,,,
way/549549558,,,,,,1-й Елагин мост,,,,,,,,,,,,,,,,,,,,,,,,,,,,,,,,,,,asphalt,,,,,,,,,,,,,,,,,1,,,,,,,,,,"[{'role': 'across', 'rel': 5633668, 'reltags': {'name': '1-й Елагин мост', 'type': 'bridge'}}]",construction,,yes,,,,,,,,,,,,,,,12,
way/907143562,,,,,,,,,,,,,,,,,,,,,,,,,,,,,,,,,,,,,,,,,,,,,,,,,,,,,,,,,,,,,,,,,,,,"[{'role': 'outer', 'rel': 1445800, 'reltags': {'leisure': 'park', 'name': 'Центральный парк культуры и отдыха имени С. М. Кирова', 'type': 'multipolygon', 'wikidata': 'Q4504340', 'wikipedia': 'ru:Центральный парк культуры и отдыха имени С. М. Кирова'}}, {'role': 'outer', 'rel': 1576343, 'reltags': {'name': 'Елагин остров', 'name:de': 'Jelagin-Insel', 'name:en': 'Yelagin Island', 'name:fi': 'Mistulasaari', 'name:fr': 'Île Yelagin', 'name:ru': 'Елагин остров', 'place': 'island', 'type': 'multipolygon', 'wikidata': 'Q4174533', 'wikipedia': 'ru:Елагин остров'}}, {'role': 'outer', 'rel': 1576344, 'reltags': {'natural': 'water', 'type': 'multipolygon', 'water': 'river'}}, {'role': 'outer', 'rel': 2965059, 'reltags': {'boundary': 'protected_area', 'law': 'постановление Правительства Санкт-Петербурга № 647 от 26.06.2012 «О памятнике природы регионального значения „Елагин остров“»', 'leisure': 'nature_reserve', 'name': 'памятник природы «Елагин остров»', 'name:en': 'Yelagin Island natural monument', 'protect_class': '3', 'protection_title': 'памятник природы регионального значения', 'type': 'multipolygon'}}]",,,,,,,,,retaining_wall,,,,,,,,,,
way/907143558,,,,,,,,,,,,,,,,,,,,,,,,,,,,,,,,,,,,,,,,,,,,,,,,,,,,,,,,,,,,,,,,,,,,"[{'role': 'outer', 'rel': 1445800, 'reltags': {'leisure': 'park', 'name': 'Центральный парк культуры и отдыха имени С. М. Кирова', 'type': 'multipolygon', 'wikidata': 'Q4504340', 'wikipedia': 'ru:Центральный парк культуры и отдыха имени С. М. Кирова'}}, {'role': 'outer', 'rel': 1576175, 'reltags': {'boat': 'yes', 'name': 'Средняя Невка', 'name:en': 'Srednaya Nevka', 'name:ru': 'Средняя Невка', 'natural': 'water', 'type': 'multipolygon', 'water': 'river'}}, {'role': 'outer', 'rel': 1576343, 'reltags': {'name': 'Елагин остров', 'name:de': 'Jelagin-Insel', 'name:en': 'Yelagin Island', 'name:fi': 'Mistulasaari', 'name:fr': 'Île Yelagin', 'name:ru': 'Елагин остров', 'place': 'island', 'type': 'multipolygon', 'wikidata': 'Q4174533', 'wikipedia': 'ru:Елагин остров'}}, {'role': 'outer', 'rel': 2965059, 'reltags': {'boundary': 'protected_area', 'law': 'постановление Правительства Санкт-Петербурга № 647 от 26.06.2012 «О памятнике природы регионального значения „Елагин остров“»', 'leisure': 'nature_reserve', 'name': 'памятник природы «Елагин остров»', 'name:en': 'Yelagin Island natural monument', 'protect_class': '3', 'protection_title': 'памятник природы регионального значения', 'type': 'multipolygon'}}]",,,,,,,,,retaining_wall,,,1,concrete,,,,,,
way/36361150,,,,,,,,,,,,,,,,,,,,,,,,,,,,,,,,,,,,,,,,,,,,,,,,,,,,,,,,,,,,,,,,,,,,"[{'role': 'across', 'rel': 5633668, 'reltags': {'name': '1-й Елагин мост', 'type': 'bridge'}}]",,,,,,,,,,,,,,,,,,,
way/907014582,,,,,,,,,,,,,,,,,,,,,,,,,,,,,,,,,,,,,,,,,,,,,,,,,,,,,,,,,,,,,,,,,,,,"[{'role': 'outer', 'rel': 1445800, 'reltags': {'leisure': 'park', 'name': 'Центральный парк культуры и отдыха имени С. М. Кирова', 'type': 'multipolygon', 'wikidata': 'Q4504340', 'wikipedia': 'ru:Центральный парк культуры и отдыха имени С. М. Кирова'}}, {'role': 'outer', 'rel': 1576343, 'reltags': {'name': 'Елагин остров', 'name:de': 'Jelagin-Insel', 'name:en': 'Yelagin Island', 'name:fi': 'Mistulasaari', 'name:fr': 'Île Yelagin', 'name:ru': 'Елагин остров', 'place': 'island', 'type': 'multipolygon', 'wikidata': 'Q4174533', 'wikipedia': 'ru:Елагин остров'}}, {'role': 'outer', 'rel': 1576344, 'reltags': {'natural': 'water', 'type': 'multipolygon', 'water': 'river'}}, {'role': 'outer', 'rel': 2965059, 'reltags': {'boundary': 'protected_area', 'law': 'постановление Правительства Санкт-Петербурга № 647 от 26.06.2012 «О памятнике природы регионального значения „Елагин остров“»', 'leisure': 'nature_reserve', 'name': 'памятник природы «Елагин остров»', 'name:en': 'Yelagin Island natural monument', 'protect_class': '3', 'protection_title': 'памятник природы регионального значения', 'type': 'multipolygon'}}]",,,,,,,,,retaining_wall,,,,,,,,,,
way/907143565,,,,,,,,,,,,,,,,,,,,,,,,,,,,,,,,,,,,,,,,,,,,,,,,,,,,,,,,,,,,,,,,,,,,"[{'role': 'outer', 'rel': 12316494, 'reltags': {'area:highway': 'footway', 'surface': 'asphalt', 'type': 'multipolygon'}}]",,,,,,,,,fence,,,,,,,,,,
way/907143566,,,,,,,,,,,,,,,,,,,,,,,,,,,,,,,,,,,,,,,,,,,,,,,,,,,,,,,,,,,,,,,,,,,,"[{'role': 'outer', 'rel': 1445800, 'reltags': {'leisure': 'park', 'name': 'Центральный парк культуры и отдыха имени С. М. Кирова', 'type': 'multipolygon', 'wikidata': 'Q4504340', 'wikipedia': 'ru:Центральный парк культуры и отдыха имени С. М. Кирова'}}, {'role': 'outer', 'rel': 1576343, 'reltags': {'name': 'Елагин остров', 'name:de': 'Jelagin-Insel', 'name:en': 'Yelagin Island', 'name:fi': 'Mistulasaari', 'name:fr': 'Île Yelagin', 'name:ru': 'Елагин остров', 'place': 'island', 'type': 'multipolygon', 'wikidata': 'Q4174533', 'wikipedia': 'ru:Елагин остров'}}, {'role': 'outer', 'rel': 1576344, 'reltags': {'natural': 'water', 'type': 'multipolygon', 'water': 'river'}}, {'role': 'outer', 'rel': 2965059, 'reltags': {'boundary': 'protected_area', 'law': 'постановление Правительства Санкт-Петербурга № 647 от 26.06.2012 «О памятнике природы регионального значения „Елагин остров“»', 'leisure': 'nature_reserve', 'name': 'памятник природы «Елагин остров»', 'name:en': 'Yelagin Island natural monument', 'protect_class': '3', 'protection_title': 'памятник природы регионального значения', 'type': 'multipolygon'}}]",,,,,,,,,retaining_wall,,,,,,,,,,
way/907143567,,,,,,,,,,,,,,,,,,,,,,,,,,,,,,,,,,,,,,,,,,,,,,,,,,,,,,,,,,,,,,,,,,,,"[{'role': 'outer', 'rel': 1445800, 'reltags': {'leisure': 'park', 'name': 'Центральный парк культуры и отдыха имени С. М. Кирова', 'type': 'multipolygon', 'wikidata': 'Q4504340', 'wikipedia': 'ru:Центральный парк культуры и отдыха имени С. М. Кирова'}}, {'role': 'outer', 'rel': 1576343, 'reltags': {'name': 'Елагин остров', 'name:de': 'Jelagin-Insel', 'name:en': 'Yelagin Island', 'name:fi': 'Mistulasaari', 'name:fr': 'Île Yelagin', 'name:ru': 'Елагин остров', 'place': 'island', 'type': 'multipolygon', 'wikidata': 'Q4174533', 'wikipedia': 'ru:Елагин остров'}}, {'role': 'outer', 'rel': 1576344, 'reltags': {'natural': 'water', 'type': 'multipolygon', 'water': 'river'}}, {'role': 'outer', 'rel': 2965059, 'reltags': {'boundary': 'protected_area', 'law': 'постановление Правительства Санкт-Петербурга № 647 от 26.06.2012 «О памятнике природы регионального значения „Елагин остров“»', 'leisure': 'nature_reserve', 'name': 'памятник природы «Елагин остров»', 'name:en': 'Yelagin Island natural monument', 'protect_class': '3', 'protection_title': 'памятник природы регионального значения', 'type': 'multipolygon'}}, {'role': 'outer', 'rel': 12316494, 'reltags': {'area:highway': 'footway', 'surface': 'asphalt', 'type': 'multipolygon'}}]",,,,,,,,,retaining_wall,,,,,,,,,,
way/907143570,,,,,,,,,,,,,,,,,,,,,,,,,,,,,,,,,,,,,,,,,,,,,,,,,,,,,,,,,,,,,,,,,,,,"[{'role': 'outer', 'rel': 2590123, 'reltags': {'area:highway': 'footway', 'historic': 'yes', 'name': 'Восточная стрелка', 'type': 'multipolygon'}}, {'role': 'outer', 'rel': 12316492, 'reltags': {'area:highway': 'pedestrian', 'name': 'Гранитная пристань', 'type': 'multipolygon'}}]",,,,,,,,,fence,,,1,,,,,,,metal
way/907143571,,,,,,,,,,,,,,,,,,,,,,,,,,,,,,,,,,,,,,,,,,,,,,,,,,,,,,,,,,,,,,,,,,,,"[{'role': 'outer', 'rel': 2590123, 'reltags': {'area:highway': 'footway', 'historic': 'yes', 'name': 'Восточная стрелка', 'type': 'multipolygon'}}, {'role': 'outer', 'rel': 12316492, 'reltags': {'area:highway': 'pedestrian', 'name': 'Гранитная пристань', 'type': 'multipolygon'}}]",,,,,,,,,fence,,,1,,,,,,,metal
way/907143572,,,,,,,,,,,,,,,,,,,,,,,,,,,,,,,,,,,,,,,,,,,,,,,,,,,,,,,,,,,,,,,,,,,,"[{'role': 'outer', 'rel': 1445800, 'reltags': {'leisure': 'park', 'name': 'Центральный парк культуры и отдыха имени С. М. Кирова', 'type': 'multipolygon', 'wikidata': 'Q4504340', 'wikipedia': 'ru:Центральный парк культуры и отдыха имени С. М. Кирова'}}, {'role': 'outer', 'rel': 1576183, 'reltags': {'natural': 'water', 'type': 'multipolygon', 'water': 'river'}}, {'role': 'outer', 'rel': 1576343, 'reltags': {'name': 'Елагин остров', 'name:de': 'Jelagin-Insel', 'name:en': 'Yelagin Island', 'name:fi': 'Mistulasaari', 'name:fr': 'Île Yelagin', 'name:ru': 'Елагин остров', 'place': 'island', 'type': 'multipolygon', 'wikidata': 'Q4174533', 'wikipedia': 'ru:Елагин остров'}}, {'role': 'outer', 'rel': 2965059, 'reltags': {'boundary': 'protected_area', 'law': 'постановление Правительства Санкт-Петербурга № 647 от 26.06.2012 «О памятнике природы регионального значения „Елагин остров“»', 'leisure': 'nature_reserve', 'name': 'памятник природы «Елагин остров»', 'name:en': 'Yelagin Island natural monument', 'protect_class': '3', 'protection_title': 'памятник природы регионального значения', 'type': 'multipolygon'}}, {'role': 'outer', 'rel': 12316492, 'reltags': {'area:highway': 'pedestrian', 'name': 'Гранитная пристань', 'type': 'multipolygon'}}]",,,,,,,,,retaining_wall,,,,,,,,,,
way/907143573,,,,,,,,,,,,,,,,,,,,,,,,,,,,,,,,,,,,,,,,,,,,,,,,,,,,,,,,,,,,,,,,,,,,"[{'role': 'outer', 'rel': 1445800, 'reltags': {'leisure': 'park', 'name': 'Центральный парк культуры и отдыха имени С. М. Кирова', 'type': 'multipolygon', 'wikidata': 'Q4504340', 'wikipedia': 'ru:Центральный парк культуры и отдыха имени С. М. Кирова'}}, {'role': 'outer', 'rel': 1576183, 'reltags': {'natural': 'water', 'type': 'multipolygon', 'water': 'river'}}, {'role': 'outer', 'rel': 1576343, 'reltags': {'name': 'Елагин остров', 'name:de': 'Jelagin-Insel', 'name:en': 'Yelagin Island', 'name:fi': 'Mistulasaari', 'name:fr': 'Île Yelagin', 'name:ru': 'Елагин остров', 'place': 'island', 'type': 'multipolygon', 'wikidata': 'Q4174533', 'wikipedia': 'ru:Елагин остров'}}, {'role': 'outer', 'rel': 2590123, 'reltags': {'area:highway': 'footway', 'historic': 'yes', 'name': 'Восточная стрелка', 'type': 'multipolygon'}}, {'role': 'outer', 'rel': 2965059, 'reltags': {'boundary': 'protected_area', 'law': 'постановление Правительства Санкт-Петербурга № 647 от 26.06.2012 «О памятнике природы регионального значения „Елагин остров“»', 'leisure': 'nature_reserve', 'name': 'памятник природы «Елагин остров»', 'name:en': 'Yelagin Island natural monument', 'protect_class': '3', 'protection_title': 'памятник природы регионального значения', 'type': 'multipolygon'}}]",,,,,,,,,retaining_wall,,,,,,,,,,
way/907143574,,,,,,,,,,,,,,,,,,,,,,,,,,,,,,,,,,,,,,,,,,,,,,,,,,,,,,,,,,,,,,,,,,,,"[{'role': 'outer', 'rel': 1445800, 'reltags': {'leisure': 'park', 'name': 'Центральный парк культуры и отдыха имени С. М. Кирова', 'type': 'multipolygon', 'wikidata': 'Q4504340', 'wikipedia': 'ru:Центральный парк культуры и отдыха имени С. М. Кирова'}}, {'role': 'outer', 'rel': 1576183, 'reltags': {'natural': 'water', 'type': 'multipolygon', 'water': 'river'}}, {'role': 'outer', 'rel': 1576343, 'reltags': {'name': 'Елагин остров', 'name:de': 'Jelagin-Insel', 'name:en': 'Yelagin Island', 'name:fi': 'Mistulasaari', 'name:fr': 'Île Yelagin', 'name:ru': 'Елагин остров', 'place': 'island', 'type': 'multipolygon', 'wikidata': 'Q4174533', 'wikipedia': 'ru:Елагин остров'}}, {'role': 'outer', 'rel': 2590123, 'reltags': {'area:highway': 'footway', 'historic': 'yes', 'name': 'Восточная стрелка', 'type': 'multipolygon'}}, {'role': 'outer', 'rel': 2965059, 'reltags': {'boundary': 'protected_area', 'law': 'постановление Правительства Санкт-Петербурга № 647 от 26.06.2012 «О памятнике природы регионального значения „Елагин остров“»', 'leisure': 'nature_reserve', 'name': 'памятник природы «Елагин остров»', 'name:en': 'Yelagin Island natural monument', 'protect_class': '3', 'protection_title': 'памятник природы регионального значения', 'type': 'multipolygon'}}]",,,,,,,,,retaining_wall,,,,,,,,,,
way/907143577,,,,,,,,,,,,,,,,,,,,,,,,,,,,,,,,,,,,,,,,,,,,,,,,,,,,,,,,,,,,,,,,,,,,"[{'role': 'outer', 'rel': 1445800, 'reltags': {'leisure': 'park', 'name': 'Центральный парк культуры и отдыха имени С. М. Кирова', 'type': 'multipolygon', 'wikidata': 'Q4504340', 'wikipedia': 'ru:Центральный парк культуры и отдыха имени С. М. Кирова'}}, {'role': 'outer', 'rel': 1576183, 'reltags': {'natural': 'water', 'type': 'multipolygon', 'water': 'river'}}, {'role': 'outer', 'rel': 1576343, 'reltags': {'name': 'Елагин остров', 'name:de': 'Jelagin-Insel', 'name:en': 'Yelagin Island', 'name:fi': 'Mistulasaari', 'name:fr': 'Île Yelagin', 'name:ru': 'Елагин остров', 'place': 'island', 'type': 'multipolygon', 'wikidata': 'Q4174533', 'wikipedia': 'ru:Елагин остров'}}, {'role': 'outer', 'rel': 2965059, 'reltags': {'boundary': 'protected_area', 'law': 'постановление Правительства Санкт-Петербурга № 647 от 26.06.2012 «О памятнике природы регионального значения „Елагин остров“»', 'leisure': 'nature_reserve', 'name': 'памятник природы «Елагин остров»', 'name:en': 'Yelagin Island natural monument', 'protect_class': '3', 'protection_title': 'памятник природы регионального значения', 'type': 'multipolygon'}}]",,,,,,,,,retaining_wall,,,,,,,,,,
way/907143578,,,,,,,,,,,,,,,,,,,,,,,,,,,,,,,,,,,,,,,,,,,,,,,,,,,,,,,,,,,,,,,,,,,,"[{'role': 'outer', 'rel': 1445800, 'reltags': {'leisure': 'park', 'name': 'Центральный парк культуры и отдыха имени С. М. Кирова', 'type': 'multipolygon', 'wikidata': 'Q4504340', 'wikipedia': 'ru:Центральный парк культуры и отдыха имени С. М. Кирова'}}, {'role': 'outer', 'rel': 1576343, 'reltags': {'name': 'Елагин остров', 'name:de': 'Jelagin-Insel', 'name:en': 'Yelagin Island', 'name:fi': 'Mistulasaari', 'name:fr': 'Île Yelagin', 'name:ru': 'Елагин остров', 'place': 'island', 'type': 'multipolygon', 'wikidata': 'Q4174533', 'wikipedia': 'ru:Елагин остров'}}, {'role': 'outer', 'rel': 1576344, 'reltags': {'natural': 'water', 'type': 'multipolygon', 'water': 'river'}}, {'role': 'outer', 'rel': 2965059, 'reltags': {'boundary': 'protected_area', 'law': 'постановление Правительства Санкт-Петербурга № 647 от 26.06.2012 «О памятнике природы регионального значения „Елагин остров“»', 'leisure': 'nature_reserve', 'name': 'памятник природы «Елагин остров»', 'name:en': 'Yelagin Island natural monument', 'protect_class': '3', 'protection_title': 'памятник природы регионального значения', 'type': 'multipolygon'}}]",,,,,,,,,retaining_wall,,,,,,,,,,
way/149248553,,,,,,3-й Елагин мост,,,,,,,,,,,,,,,,,,,,,,,,,,,,,,,,,,,asphalt,,,,,,,,,,,,,,,,,1,,,,,,,,,,"[{'role': 'across', 'rel': 5633667, 'reltags': {'name': '3-й Елагин мост', 'type': 'bridge'}}]",service,,yes,,,,,,,,,,,,,,,,
way/112187548,,,,,,,,,,,,,,,,,,,,,,,,,,,,,,,,,,,,,,,,,,,,,,,,,,,,,,,,,,,,,,,,,,,,"[{'role': 'outer', 'rel': 1445800, 'reltags': {'leisure': 'park', 'name': 'Центральный парк культуры и отдыха имени С. М. Кирова', 'type': 'multipolygon', 'wikidata': 'Q4504340', 'wikipedia': 'ru:Центральный парк культуры и отдыха имени С. М. Кирова'}}, {'role': 'outer', 'rel': 1576343, 'reltags': {'name': 'Елагин остров', 'name:de': 'Jelagin-Insel', 'name:en': 'Yelagin Island', 'name:fi': 'Mistulasaari', 'name:fr': 'Île Yelagin', 'name:ru': 'Елагин остров', 'place': 'island', 'type': 'multipolygon', 'wikidata': 'Q4174533', 'wikipedia': 'ru:Елагин остров'}}, {'role': 'outer', 'rel': 1576344, 'reltags': {'natural': 'water', 'type': 'multipolygon', 'water': 'river'}}, {'role': 'outer', 'rel': 2965059, 'reltags': {'boundary': 'protected_area', 'law': 'постановление Правительства Санкт-Петербурга № 647 от 26.06.2012 «О памятнике природы регионального значения „Елагин остров“»', 'leisure': 'nature_reserve', 'name': 'памятник природы «Елагин остров»', 'name:en': 'Yelagin Island natural monument', 'protect_class': '3', 'protection_title': 'памятник природы регионального значения', 'type': 'multipolygon'}}]",,,,,,,,,retaining_wall,,,,,,,,,,
way/907143560,,,,,,,,,,,,,,,,,,,,,,,,,,,,,,,,,,,,,,,,,,,,,,,,,,,,,,,,,,,,,,,,,,,,"[{'role': 'outer', 'rel': 1445800, 'reltags': {'leisure': 'park', 'name': 'Центральный парк культуры и отдыха имени С. М. Кирова', 'type': 'multipolygon', 'wikidata': 'Q4504340', 'wikipedia': 'ru:Центральный парк культуры и отдыха имени С. М. Кирова'}}, {'role': 'outer', 'rel': 1576343, 'reltags': {'name': 'Елагин остров', 'name:de': 'Jelagin-Insel', 'name:en': 'Yelagin Island', 'name:fi': 'Mistulasaari', 'name:fr': 'Île Yelagin', 'name:ru': 'Елагин остров', 'place': 'island', 'type': 'multipolygon', 'wikidata': 'Q4174533', 'wikipedia': 'ru:Елагин остров'}}, {'role': 'outer', 'rel': 1576344, 'reltags': {'natural': 'water', 'type': 'multipolygon', 'water': 'river'}}, {'role': 'outer', 'rel': 2965059, 'reltags': {'boundary': 'protected_area', 'law': 'постановление Правительства Санкт-Петербурга № 647 от 26.06.2012 «О памятнике природы регионального значения „Елагин остров“»', 'leisure': 'nature_reserve', 'name': 'памятник природы «Елагин остров»', 'name:en': 'Yelagin Island natural monument', 'protect_class': '3', 'protection_title': 'памятник природы регионального значения', 'type': 'multipolygon'}}, {'role': 'outer', 'rel': 12316493, 'reltags': {'natural': 'scrub', 'type': 'multipolygon'}}]",,,,,,,,,retaining_wall,,,,,,,,,,
way/907143561,,,,,,,,,,,,,,,,,,,,,,,,,,,,,,,,,,,,,,,,,,,,,,,,,,,,,,,,,,,,,,,,,,,,"[{'role': 'outer', 'rel': 1445800, 'reltags': {'leisure': 'park', 'name': 'Центральный парк культуры и отдыха имени С. М. Кирова', 'type': 'multipolygon', 'wikidata': 'Q4504340', 'wikipedia': 'ru:Центральный парк культуры и отдыха имени С. М. Кирова'}}, {'role': 'outer', 'rel': 1576343, 'reltags': {'name': 'Елагин остров', 'name:de': 'Jelagin-Insel', 'name:en': 'Yelagin Island', 'name:fi': 'Mistulasaari', 'name:fr': 'Île Yelagin', 'name:ru': 'Елагин остров', 'place': 'island', 'type': 'multipolygon', 'wikidata': 'Q4174533', 'wikipedia': 'ru:Елагин остров'}}, {'role': 'outer', 'rel': 1576344, 'reltags': {'natural': 'water', 'type': 'multipolygon', 'water': 'river'}}, {'role': 'outer', 'rel': 2965059, 'reltags': {'boundary': 'protected_area', 'law': 'постановление Правительства Санкт-Петербурга № 647 от 26.06.2012 «О памятнике природы регионального значения „Елагин остров“»', 'leisure': 'nature_reserve', 'name': 'памятник природы «Елагин остров»', 'name:en': 'Yelagin Island natural monument', 'protect_class': '3', 'protection_title': 'памятник природы регионального значения', 'type': 'multipolygon'}}, {'role': 'outer', 'rel': 12316493, 'reltags': {'natural': 'scrub', 'type': 'multipolygon'}}]",,,,,,,,,retaining_wall,,,,,,,,,,
